category,manufacturer/importer,brand,pet_type,price_segment,package_type,export,january_2021_units,february_2021_units,march_2021_units,april_2021_units,may_2021_units,june_2021_units,july_2021_units,august_2021_units,september_2021_units,october_2021_units,november_2021_units,december_2021_units,january_2022_units,february_2022_units,march_2022_units,april_2022_units,may_2022_units,june_2022_units,july_2022_units,august_2022_units,september_2022_units,october_2022_units,november_2022_units,december_2022_units,january_2023_units,february_2023_units,march_2023_units,april_2023_units,may_2023_units,june_2023_units,january_2021_tons,february_2021_tons,march_2021_tons,april_2021_tons,may_2021_tons,june_2021_tons,july_2021_tons,august_2021_tons,september_2021_tons,october_2021_tons,november_2021_tons,december_2021_tons,january_2022_tons,february_2022_tons,march_2022_tons,april_2022_tons,may_2022_tons,june_2022_tons,july_2022_tons,august_2022_tons,september_2022_tons,october_2022_tons,november_2022_tons,december_2022_tons,january_2023_tons,february_2023_tons,march_2023_tons,april_2023_tons,may_2023_tons,june_2023_tons,january_2021_mil_uah,february_2021_mil_uah,march_2021_mil_uah,april_2021_mil_uah,may_2021_mil_uah,june_2021_mil_uah,july_2021_mil_uah,august_2021_mil_uah,september_2021_mil_uah,october_2021_mil_uah,november_2021_mil_uah,december_2021_mil_uah,january_2022_mil_uah,february_2022_mil_uah,march_2022_mil_uah,april_2022_mil_uah,may_2022_mil_uah,june_2022_mil_uah,july_2022_mil_uah,august_2022_mil_uah,september_2022_mil_uah,october_2022_mil_uah,november_2022_mil_uah,december_2022_mil_uah,january_2023_mil_uah,february_2023_mil_uah,march_2023_mil_uah,april_2023_mil_uah,may_2023_mil_uah,june_2023_mil_uah
wet,TOV_KORMOTECH,CLUB_4_PAWS,cats,middle,can,1,2 291.00,4 132.00,2 386.00,5 756.00,4 904.00,2 871.00,5 836.00,13 992.00,2 273.00,5 770.00,1 820.00,2 340.00,2 500.00,3 190.00,9 560.00,1 400.00,12 970.00,9 500.00,3 050.00,4 280.00,9 200.00,2 400.00,770,1 000.00,2 500.00,2 330.00,1 300.00,2 200.00,4 300.00,6 300.00,3.44,5.94,6.04,9.8,6.51,3.61,8.09,8.1,1.59,2.77,0.87,1.12,1.2,1.53,4.59,0.67,6.23,4.56,1.46,2.05,4.42,1.15,0.37,0.48,1.2,1.12,0.62,1.06,2.06,3.02,0.17,0.29,0.29,0.48,0.31,0.16,0.38,0.36,0.07,0.12,0.04,0.05,0.06,0.07,0.22,0.03,0.27,0.19,0.07,0.11,0.21,0.07,0.02,0.03,0.07,0.07,0.04,0.08,0.14,0.2
wet,TOV_KORMOTECH,CLUB_4_PAWS,cats,middle,can,0,67 295.00,72 150.00,204 350.00,230 490.00,115 784.00,251 253.00,149 031.00,117 990.00,110 754.00,117 126.00,155 673.00,100 881.00,124 317.00,82 962.00,37 224.00,17 280.00,,3 357.00,,,,,,,,,,,,,40.37,43.28,122.59,138.29,71.08,150.75,89.42,70.79,66.45,70.28,93.4,60.53,74.59,49.78,22.33,10.37,,2.01,,,,,,,,,,,,,3.24,3.47,8.5,9.82,5.07,10.68,7.48,6.25,5.87,6.47,8.59,5.65,7.56,5.05,2.27,0.87,,0.16,,,,,,,,,,,,
wet,TOV_KORMOTECH,CLUB_4_PAWS,cats,middle,pouch,1,64 392.00,123 816.00,115 104.00,208 320.00,98 112.00,328 968.00,150 840.00,180 528.00,321 696.00,254 664.00,489 144.00,426 096.00,743 544.00,277 056.00,275 040.00,318 264.00,205 320.00,303 888.00,184 440.00,379 752.00,751 560.00,387 936.00,292 944.00,194 040.00,193 008.00,548 640.00,331 464.00,475 848.00,636 432.00,362 112.00,5.71,11.49,10.67,19.61,8.81,31.57,14.29,16.98,30.18,23.12,45.94,40.43,72.85,25.25,24.99,29.62,19.04,28.37,17.21,34.51,65.77,35.19,26.38,17.4,18.21,52.04,31.09,45.08,56.43,31.79,0.35,0.67,0.61,1.13,0.55,1.66,0.74,0.91,1.54,1.35,2.3,2.18,3.32,1.52,1.43,1.84,1.06,1.65,0.99,2.59,5.04,2.45,1.88,1.26,1.3,3.79,2.34,3.6,4.63,2.53
wet,TOV_KORMOTECH,CLUB_4_PAWS,cats,middle,pouch,0,2 078 129.00,2 368 494.00,2 758 730.00,2 491 802.00,3 016 509.00,3 010 239.00,3 343 694.00,2 494 432.00,2 643 733.00,3 211 769.00,3 167 718.00,3 235 539.00,3 121 658.00,2 325 027.00,2 913 505.00,2 779 478.59,4 557 840.41,5 085 815.59,6 288 233.00,5 179 384.00,4 299 734.00,5 938 956.00,5 468 264.00,5 854 064.00,5 109 844.00,5 742 029.73,5 798 542.27,5 209 036.00,5 759 377.00,5 064 834.00,199.41,225.97,265.81,239.9,287.21,290.24,318.31,237.72,250.37,306.09,302.65,310.38,299.56,222.13,281.66,266,436.29,487.99,604.35,498.82,404.22,557.59,530.45,564.71,491.03,551.77,546.84,491.44,540.29,477.55,15.93,18.76,21.12,18.58,23.39,22.59,27.23,21.13,22.19,28.36,26.92,28.2,27.72,20.77,27.01,29.38,48.71,52.91,65.81,59.44,48.14,72.78,63.56,71.26,62.5,72.53,78.63,71.93,81.09,73.25
wet,TOV_KORMOTECH,CLUB_4_PAWS,dogs,middle,can,1,1 079.00,3 413.00,912,3 344.00,2 866.00,806,1 199.00,13 800.00,1 439.00,2 280.00,2 400.00,378,1 400.00,1 040.00,9 790.00,1 300.00,1 480.00,2 250.00,650,2 880.00,5 690.00,4 045.00,1 200.00,2 520.00,1 550.00,2 634.00,2 810.00,3 228.00,3 974.00,3 996.00,0.86,2.18,0.92,2.92,1.77,0.59,1.59,7.01,0.73,1.09,1.15,0.27,0.67,0.5,4.7,0.62,0.71,1.08,0.31,1.38,2.73,2.03,0.58,1.21,0.74,1.25,1.35,1.53,1.91,1.91,0.04,0.12,0.05,0.15,0.1,0.03,0.08,0.34,0.03,0.05,0.06,0.01,0.03,0.02,0.24,0.04,0.04,0.05,0.02,0.09,0.14,0.12,0.04,0.07,0.05,0.09,0.08,0.11,0.13,0.12
wet,TOV_KORMOTECH,CLUB_4_PAWS,dogs,middle,can,0,28 683.00,19 935.00,19 215.00,14 715.00,26 127.00,22 113.00,28 260.00,24 462.00,56 196.00,6 102.00,30 024.00,31 923.00,39 051.00,36 144.00,24 255.00,,,1 332.00,,,17 240.00,1 392.00,2 220.00,2 831.00,1 776.00,684,4 656.00,1 896.00,1 920.00,3 048.00,17.21,11.96,11.53,8.83,15.68,13.27,16.96,14.68,33.72,3.66,18.01,19.15,23.43,21.69,14.55,,,0.8,,,6.9,0.56,0.89,1.13,0.71,0.27,1.86,0.76,0.77,1.22,1.38,0.96,0.8,0.71,1.11,0.91,1.33,1.19,2.74,0.34,1.83,1.94,2.38,2.2,1.52,,,0.07,,,1.06,0.09,0.15,0.21,0.12,0.05,0.25,0.12,0.11,0.18
wet,TOV_KORMOTECH,CLUB_4_PAWS,dogs,middle,pouch,1,23 064.00,20 472.00,34 200.00,46 008.00,26 880.00,44 424.00,47 904.00,45 408.00,28 848.00,41 616.00,58 416.00,66 600.00,32 880.00,65 952.00,42 264.00,99 072.00,29 880.00,32 016.00,40 464.00,122 856.00,214 920.00,83 424.00,42 984.00,55 824.00,51 096.00,123 552.00,90 888.00,85 080.00,139 980.00,72 960.00,2.29,2.01,3.39,4.49,2.63,4.38,4.74,4.52,2.82,4.13,5.71,6.59,3.27,6.52,4.12,9.87,2.91,3.18,3.93,12.05,20.69,8.25,4.2,5.5,5.02,12.32,9.09,8.51,14,7.3,0.13,0.12,0.21,0.28,0.16,0.28,0.29,0.26,0.17,0.24,0.34,0.38,0.19,0.39,0.25,0.63,0.17,0.17,0.25,0.84,1.52,0.58,0.3,0.39,0.37,0.92,0.72,0.63,1.08,0.51
wet,TOV_KORMOTECH,CLUB_4_PAWS,dogs,middle,pouch,0,303 288.00,288 024.00,394 728.00,374 352.00,400 446.00,392 191.00,503 304.00,550 609.00,508 628.00,637 428.00,601 210.00,561 942.00,538 884.00,391 451.00,486 581.00,510 237.00,819 006.00,871 215.00,1 108 638.00,1 036 782.00,999 144.00,976 272.00,1 122 462.00,799 629.00,942 574.00,1 089 216.00,998 319.00,1 005 576.00,1 125 300.00,1 184 976.00,30.22,28.69,39.36,37.3,39.85,39.06,50.09,54.67,50.53,63.49,59.92,56.01,53.61,38.93,48.45,50.75,81.26,86.59,108.49,102.78,97.36,96.76,111.25,78.98,93.46,107.98,98.93,99.52,111.71,117.28,2.79,2.72,3.58,3.5,3.75,3.61,4.69,5.09,4.73,5.98,5.43,5.28,5.04,3.6,4.76,5.29,9.19,9.28,12.12,11.82,11,11.32,12.8,9.67,11.43,13.83,13.52,13.84,15.79,17.09
wet,TOV_KORMOTECH,OPTIMEAL,cats,premium,can,1,2 376.00,6 584.00,6 958.00,7 160.00,2 936.00,4 970.00,13 903.00,3 268.00,10 671.00,143,120,370,12,2 516.00,2 460.00,15 092.00,16 252.00,1 104.00,2 432.00,2 176.00,5 770.00,1 000.00,2 408.00,5 200.00,16 702.00,3 242.00,11 236.00,792,8 200.00,16 224.00,1.93,4.73,5.11,5.59,2.64,4.1,7.7,2.74,3.95,0.19,0.04,0.39,0.05,2.54,0.97,5.13,5.82,0.52,0.84,1.03,2.43,0.37,0.88,1.9,5.68,1.4,3.95,0.43,3.3,5.68,0.21,0.6,0.58,0.59,0.3,0.43,0.56,0.27,0.35,0.02,0,0.04,0.01,0.26,0.1,0.63,0.71,0.06,0.08,0.12,0.26,0.04,0.1,0.22,0.85,0.17,0.55,0.06,0.33,0.7
wet,TOV_KORMOTECH,OPTIMEAL,cats,premium,can,0,54 417.00,44 107.00,56 812.00,60 865.00,40 861.00,32 472.00,3 878.00,4 352.00,32 536.00,39 638.00,59 072.00,24 176.00,1 544.00,1 040.00,13 264.00,5 024.00,11 848.00,70 136.00,65 460.00,41 752.00,59 186.00,50 655.00,57 920.00,69 312.00,65 320.00,85 088.00,96 448.00,97 184.00,108 824.00,96 087.00,18.5,15,19.32,20.69,14.17,11.27,1.32,1.48,11.06,13.48,20.08,8.22,0.52,0.35,4.51,1.71,4.03,23.85,22.26,14.2,19.47,17.22,19.69,23.57,22.21,28.93,32.79,33.04,37,32.67,2.79,2.27,2.88,3.1,2.05,1.67,0.2,0.21,1.84,2.14,3.24,1.34,0.1,0.06,0.79,0.33,0.67,4.45,3.95,2.75,4.01,3.39,3.87,4.71,4.39,5.71,6.5,6.52,7.6,6.97
wet,TOV_KORMOTECH,OPTIMEAL,cats,premium,pouch,1,25 680.00,63 024.00,34 344.00,25 824.00,22 152.00,26 772.00,25 104.00,26 724.00,71 184.00,50 832.00,92 316.00,75 768.00,82 500.00,114 408.00,70 908.00,54 396.00,82 296.00,63 276.00,50 868.00,82 008.00,155 280.00,154 932.00,72 840.00,158 460.00,127 944.00,141 924.00,105 612.00,100 080.00,80 916.00,134 520.00,2.18,5.36,2.92,2.2,1.88,2.28,2.13,2.27,6.05,4.32,7.85,6.44,7.01,9.72,6.03,4.62,7,5.38,4.32,6.97,13.2,13.17,6.19,13.47,10.88,12.06,8.98,8.51,6.88,11.43,0.31,0.68,0.43,0.3,0.25,0.32,0.26,0.29,0.71,0.54,0.92,0.78,0.92,1.28,0.75,0.62,0.88,0.63,0.56,1.04,1.95,1.85,0.92,2.08,1.52,1.65,1.54,1.44,1.04,1.86
wet,TOV_KORMOTECH,OPTIMEAL,cats,premium,pouch,0,296 522.00,233 043.00,401 853.00,282 737.00,301 848.00,291 685.00,434 609.00,583 358.00,401 917.00,461 272.00,598 392.00,387 480.00,417 583.00,601 392.00,272 919.00,446 273.00,484 572.00,499 008.00,1 012 764.00,357 216.20,400 295.80,315 432.00,598 580.00,314 732.00,217 188.00,238 114.00,243 012.00,249 684.00,333 164.00,417 904.00,25.2,19.81,34.16,24.03,25.66,24.79,36.94,49.59,34.16,39.19,50.85,32.91,35.48,51.11,23.11,37.84,41.12,42.31,86.01,30.21,33.9,26.74,50.75,26.65,18.34,20.1,20.53,20.94,28.01,35.32,5.04,4.25,6.95,4.86,5.44,5.16,7.61,10.13,7.18,8.46,10.55,7.29,8.04,10.6,5.5,10.39,10.91,11.02,19.87,9.02,8.27,7.42,11.39,7.23,5.25,5.78,6.07,6.38,9.23,10.11
wet,TOV_KORMOTECH,OPTIMEAL,dogs,premium,can,1,341,1 153.00,108,1 064.00,2 018.00,654,11 809.00,160,7 936.00,2 742.00,,40,,1 096.00,152,14 116.00,14 276.00,1 120.00,,1 068.00,,,6,,1 914.00,30,5 718.00,,,5 304.00,0.24,0.83,0.07,0.36,0.7,0.47,4.64,0.05,2.71,0.93,,0.01,,1.11,0.05,4.8,4.85,0.38,,0.36,,,0.01,,0.65,0.03,1.94,,,1.8,0.03,0.09,0.01,0.04,0.07,0.05,0.21,0.01,0.23,0.08,,0,,0.12,0,0.66,0.66,0.03,,0.05,,,0,,0.1,0,0.29,,,0.27
wet,TOV_KORMOTECH,OPTIMEAL,dogs,premium,can,0,3 238.00,2 096.00,1 898.00,2 440.00,2 495.00,2 696.00,256,104,32,1 608.00,2 840.00,2 128.00,496,,1 968.00,352,280,424,16,8,,,,,,,,,,,1.1,0.71,0.65,0.83,0.85,0.92,0.09,0.04,0.01,0.55,0.97,0.72,0.17,,0.67,0.12,0.1,0.14,0.01,0,,,,,,,,,,,0.17,0.12,0.1,0.13,0.13,0.14,0.01,0.01,0,0.09,0.16,0.12,0.03,,0.12,0.02,0.02,0.03,0,0,,,,,,,,,,
wet,TOV_KORMOTECH,OPTIMEAL,dogs,premium,pouch,1,864,15 048.00,5 100.00,9 948.00,2 820.00,3 960.00,4 548.00,3 948.00,16 692.00,10 296.00,10 836.00,4 536.00,3 264.00,15 684.00,9 120.00,6 552.00,5 916.00,10 308.00,2 904.00,1 584.00,18 576.00,7 164.00,1 848.00,1 008.00,4 728.00,4 068.00,82 260.00,6 768.00,9 888.00,13 524.00,0.07,1.28,0.43,0.85,0.24,0.34,0.39,0.34,1.42,0.88,0.92,0.39,0.28,1.33,0.78,0.56,0.5,0.88,0.25,0.13,1.58,0.61,0.16,0.09,0.4,0.35,8.21,0.68,0.99,1.35,0.01,0.15,0.06,0.11,0.03,0.05,0.05,0.04,0.18,0.11,0.11,0.05,0.04,0.17,0.1,0.08,0.06,0.14,0.03,0.02,0.22,0.09,0.02,0.02,0.05,0.05,0.93,0.09,0.13,0.16
wet,TOV_KORMOTECH,OPTIMEAL,dogs,premium,pouch,0,27 212.00,28 260.00,41 501.00,28 525.00,33 486.00,29 015.00,52 439.00,47 984.00,49 978.00,37 327.00,36 103.00,36 152.00,48 108.00,24 384.00,39 168.00,33 167.00,25 656.00,16 343.00,27 804.00,20 616.00,16 728.00,17 136.00,14 700.00,17 436.00,19 572.00,10 195.00,46 404.00,108 864.00,42 360.00,46 866.00,2.31,2.4,3.53,2.42,2.85,2.47,4.46,4.08,4.25,3.17,3.07,3.07,4.09,2.07,3.33,2.82,2.18,1.39,2.36,1.75,1.42,1.46,1.25,1.48,1.66,0.87,4.64,10.88,4.24,4.68,0.49,0.52,0.79,0.54,0.64,0.53,0.96,0.86,0.88,0.71,0.71,0.71,0.95,0.49,0.76,0.82,0.62,0.41,0.66,0.49,0.4,0.43,0.35,0.43,0.47,0.24,0.98,2.05,0.71,1.02
wet,TOV_KORMOTECH,Hav,dogs,economy,can,1,1 752.00,336,7 344.00,3 168.00,3 768.00,1 344.00,1 704.00,5 088.00,9 744.00,1 548.00,6 216.00,3 528.00,3 108.00,5 784.00,1 092.00,552,168,,,,,,,,,,1 344.00,1 344.00,672,672,2.17,0.42,9.11,3.93,4.67,1.67,2.11,6.31,12.08,1.92,7.71,4.37,3.85,7.17,1.35,0.68,0.21,,,,,,,,,,1.67,1.67,0.83,0.83,0.04,0.01,0.19,0.08,0.1,0.03,0.04,0.13,0.25,0.04,0.16,0.09,0.08,0.19,0.03,0.02,0,,,,,,,,,,0.06,0.06,0.03,0.03
wet,TOV_KORMOTECH,Hav,dogs,economy,can,0,22 944.00,18 331.00,21 472.00,20 826.00,17 460.00,19 644.00,20 976.00,22 803.00,20 623.00,19 944.00,18 924.00,20 520.00,19 763.00,14 364.00,15 700.00,19 416.00,11 880.00,20 268.00,18 900.00,11 988.00,12 324.00,14 652.00,7 234.00,9 552.00,18 895.00,14 181.00,13 428.00,10 068.00,12 190.00,15 085.00,28.45,22.73,26.62,25.82,21.65,24.36,26.01,28.28,25.57,24.73,23.47,25.44,24.51,17.81,19.47,24.08,14.73,25.13,23.44,14.87,15.28,18.17,8.97,11.84,23.43,17.58,16.65,12.48,15.12,18.71,1.34,1.11,1.29,1.23,1.07,1.13,1.26,1.36,1.22,1.19,1.14,1.24,1.29,0.95,1.11,1.59,0.95,1.45,1.36,0.87,0.91,1.16,0.57,0.72,1.48,1.23,1.14,0.89,1.09,1.36
wet,TOV_KORMOTECH,Meow,cats,economy,can,1,,26 400.00,1 760.00,2 960.00,8 240.00,12 320.00,,5 040.00,22 620.00,7 080.00,17 600.00,9 760.00,13 880.00,11 440.00,5 720.00,480,,,,,,,,,,,,,,,,10.96,0.73,1.23,3.42,5.11,,2.09,9.39,2.94,7.3,4.05,5.76,4.75,2.37,0.2,,,,,,,,,,,,,,,,0.34,0.02,0.04,0.1,0.15,,0.06,0.26,0.08,0.21,0.12,0.18,0.17,0.09,0.01,,,,,,,,,,,,,,
wet,TOV_KORMOTECH,Meow,cats,economy,can,0,28 235.00,23 147.00,25 131.00,21 440.00,21 788.00,22 952.00,27 956.00,31 934.00,30 598.00,28 660.00,29 820.00,29 952.00,23 385.00,18 011.00,30 454.00,36 845.00,45 422.00,33 243.00,43 596.00,27 895.00,27 320.00,32 884.00,30 759.00,29 006.00,14 683.00,45 115.00,26 659.00,19 380.00,17 896.00,22 580.00,11.72,9.61,10.43,8.9,9.04,9.53,11.6,13.25,12.7,11.89,12.38,12.43,9.7,7.47,12.64,15.29,18.85,13.8,18.09,11.58,11.34,13.65,12.76,12.04,6.09,18.72,11.06,8.04,7.43,9.37,0.77,0.64,0.7,0.6,0.62,0.64,0.77,0.88,0.84,0.79,0.83,0.83,0.72,0.57,0.95,1.41,1.59,1.12,1.41,0.95,0.94,1.16,1.05,0.98,0.47,1.6,1.04,0.75,0.72,0.9
wet,TOV_KORMOTECH,Meow,cats,economy,pouch,1,204 000.00,549 648.00,180 672.00,346 608.00,530 136.00,591 072.00,272 472.00,248 064.00,444 864.00,639 648.00,770 760.00,540 648.00,295 920.00,386 400.00,283 392.00,385 800.00,145 512.00,423 672.00,315 552.00,397 152.00,574 512.00,637 896.00,502 872.00,17 568.00,398 016.00,671 232.00,741 744.00,1 799 184.00,651 432.00,345 552.00,18.58,50.09,16.7,30.77,48.5,54.92,24.81,22.11,40.6,59.06,71.17,47.14,25.66,36.02,25.29,36.18,13.51,38.23,28.69,37.68,53.1,58.43,46.31,1.76,37.04,61.92,69.55,165.93,61.68,31.28,0.78,2.39,0.69,1.26,2.14,2.32,1,0.88,1.77,2.47,2.98,1.94,1.09,1.62,1.17,1.51,0.56,1.67,1.38,2.04,2.86,3.01,2.54,0.09,2.12,3.63,4.09,10.39,3.85,2.04
wet,TOV_KORMOTECH,Meow,cats,economy,pouch,0,8 176 161.00,6 836 083.00,10 515 300.00,7 915 417.00,6 282 579.00,6 271 492.00,6 039 534.00,7 846 474.00,8 651 342.00,6 526 782.00,7 859 116.00,8 213 335.00,7 215 848.00,6 546 091.00,6 035 489.26,7 362 987.16,8 782 040.84,8 404 545.00,6 355 777.00,6 786 071.91,5 265 618.60,6 919 275.50,5 839 056.00,6 187 897.00,6 068 024.00,4 758 193.89,5 844 269.11,6 031 486.00,5 999 894.00,4 349 400.00,817.52,683.36,1 027.73,785.9,618.48,623.06,603.69,784.38,848.73,646.2,779.12,812.32,713.48,649.03,601.33,735.8,868.69,833.2,634.96,667.09,513.61,678.67,579.17,618.59,606.67,475.67,584.37,599.94,599.83,434.84,50.08,42.6,64.06,49.03,39.32,40.25,41.8,57.12,62.38,46.99,57.65,61.41,53.63,48.91,47.21,62.18,74.59,70.18,53.77,65.27,50.85,67.88,57.31,66.91,67.04,53.42,69.72,71.34,73.31,54.33
wet,TOV_KORMOTECH,MASTER,cats,economy,pouch,1,127 824.00,78 840.00,43 200.00,182 880.00,117 744.00,75 144.00,101 376.00,56 424.00,91 152.00,223 008.00,209 736.00,81 888.00,124 848.00,109 200.00,832 560.00,99 192.00,53 880.00,61 056.00,38 280.00,7 152.00,63 072.00,19 008.00,42 048.00,10 368.00,130 512.00,146 304.00,97 008.00,9 792.00,11 520.00,25 344.00,10.23,6.31,3.46,14.63,9.42,6.01,8.11,4.51,7.29,17.84,16.78,6.55,9.99,8.74,66.6,7.94,4.31,4.88,3.06,0.57,5.05,1.52,3.36,0.83,10.44,11.7,7.76,0.78,0.92,2.03,0.46,0.29,0.16,0.65,0.44,0.27,0.33,0.2,0.32,0.72,0.73,0.28,0.44,0.42,2.84,0.39,0.2,0.21,0.17,0.03,0.3,0.09,0.2,0.05,0.66,0.74,0.5,0.05,0.07,0.15
wet,TOV_KORMOTECH,MASTER,cats,economy,pouch,0,,,,,,,,,,,,,,,,,,,20 736.00,20 736.00,,,,,,,,,,,,,,,,,,,,,,,,,,,,,1.66,1.66,,,,,,,,,,,,,,,,,,,,,,,,,,,,,0.14,0.14,,,,,,,,,,
wet,TOV_KORMOTECH,MASTER,dogs,economy,pouch,1,3 240.00,312,1 680.00,14 832.00,3 624.00,,8 160.00,3 456.00,3 312.00,9 024.00,7 920.00,5 424.00,8 112.00,7 704.00,50 760.00,3 360.00,600,4 080.00,1 728.00,3 936.00,240,1 632.00,,3 456.00,6 912.00,,,,,3 456.00,0.26,0.02,0.13,1.19,0.29,,0.65,0.28,0.26,0.72,0.63,0.43,0.65,0.62,4.06,0.27,0.05,0.33,0.14,0.31,0.02,0.13,,0.28,0.55,,,,,0.28,0.01,0,0.01,0.05,0.01,,0.03,0.01,0.01,0.03,0.03,0.02,0.03,0.03,0.19,0.01,0,0.01,0.01,0.02,0,0.01,,0.02,0.04,,,,,0.02
wet,TOV_KORMOTECH,СТМ (Bado),cats,economy,pouch,1,,,,228 096.00,,,37 008.00,,226 896.00,,,,4 032.00,,,1 152.00,,6 240.00,,,,,,29 328.00,,,,,,,,,,19.39,,,3.15,,19.29,,,,0.34,,,0.1,,0.53,,,,,,2.49,,,,,,,,,,1.08,,,0.17,,1.01,,,,0.02,,,0.01,,0.03,,,,,,0.16,,,,,,
wet,TOV_KORMOTECH,СТМ (BonaCibo),cats,economy,pouch,1,,331 056.00,,182 160.00,308 880.00,,182 160.00,159 984.00,508 464.00,258 192.00,,363 792.00,364 320.00,,,183 744.00,,145 728.00,,418 176.00,171 072.00,,,418 176.00,,,399 168.00,,,392 832.00,,28.14,,15.48,26.25,,15.48,13.6,43.22,21.95,,30.92,30.97,,,15.62,,12.39,,35.54,14.54,,,35.54,,,33.93,,,33.39,,1.81,,0.98,1.67,,0.95,0.81,2.61,1.39,,1.96,2.08,,,0.98,,0.79,,2.68,1.07,,,3.09,,,3,,,2.97
wet,TOV_KORMOTECH,СТМ (BonaCibo),dogs,economy,pouch,1,,33 264.00,,,55 440.00,,,22 176.00,38 016.00,106 128.00,,,,,,25 344.00,,63 360.00,,,38 016.00,,,,,,19 008.00,,,25 344.00,,3.33,,,5.54,,,2.22,3.8,10.61,,,,,,2.53,,6.34,,,3.8,,,,,,1.9,,,2.53,,0.2,,,0.32,,,0.12,0.21,0.62,,,,,,0.15,,0.37,,,0.23,,,,,,0.14,,,0.19
wet,TOV_KORMOTECH,СТМ (BORMANN),cats,economy,pouch,1,,,,,,,,,,,,40 080.00,92 160.00,,,,,,,21 408.00,,,,,,,,,,,,,,,,,,,,,,4.01,9.22,,,,,,,2.14,,,,,,,,,,,,,,,,,,,,,,0.12,0.38,,,,,,,0.09,,,,,,,,,,
wet,TOV_KORMOTECH,СТМ (Charli),dogs,economy,pouch,1,,5 760.00,,11 520.00,,,,,,,1 728.00,5 760.00,69 120.00,14 400.00,,,,,,2 304.00,96,,,28 800.00,,,,,69 120.00,,,0.58,,1.15,,,,,,,0.17,0.58,6.91,1.44,,,,,,0.23,0.01,,,2.88,,,,,6.91,,,0.02,,0.04,,,,,,,0.01,0.02,0.29,0.05,,,,,,0.01,0,,,0.15,,,,,0.4,
wet,TOV_KORMOTECH,СТМ (Fellini),cats,economy,pouch,1,,,,331 200.00,,28 800.00,331 200.00,331 200.00,,,,,17 280.00,,,23 064.00,331 200.00,,331 200.00,,,31 536.00,,,,,,46 080.00,,,,,,28.15,,2.45,28.15,28.15,,,,,1.47,,,1.96,28.15,,28.15,,,2.68,,,,,,3.92,,,,,,1.66,,0.12,1.61,1.59,,,,,0.07,,,0.09,2.21,,2.38,,,0.14,,,,,,0.23,,
wet,TOV_KORMOTECH,СТМ (Kittix),cats,economy,pouch,1,380 160.00,,190 080.00,178 560.00,,190 080.00,,5 760.00,46 080.00,28 800.00,28 800.00,46 080.00,67 968.00,45 624.00,54 096.00,55 464.00,68 544.00,99 072.00,289 728.00,72 576.00,34 224.00,58 176.00,259 488.00,204 480.00,,,,,357 120.00,207 360.00,32.31,,16.16,15.18,,16.16,,0.49,3.92,2.45,2.45,3.92,5.78,3.88,4.6,4.71,5.83,8.42,24.63,6.17,2.91,4.94,22.06,17.38,,,,,30.36,17.63,1.27,,0.63,0.59,,0.61,,0.02,0.16,0.11,0.09,0.15,0.25,0.15,0.21,0.21,0.28,0.38,1.45,0.36,0.16,0.27,1.35,1.07,,,,,2.09,1.04
wet,TOV_KORMOTECH,СТМ (Labou),cats,economy,pouch,1,96 768.00,,,33 984.00,44 352.00,4 608.00,23 040.00,5 184.00,70 848.00,12 024.00,,54 216.00,50 400.00,,,17 280.00,138 240.00,,10 752.00,38 016.00,,22 464.00,24 192.00,39 504.00,96,,,,,,8.23,,,2.89,3.77,0.39,1.96,0.44,6.02,1.02,,4.61,4.28,,,1.47,11.75,,0.91,3.23,,1.91,2.06,3.36,0.01,,,,,,0.43,,,0.15,0.19,0.02,0.1,0.02,0.29,0.05,,0.22,0.21,,,0.07,0.56,,0.06,0.19,,0.11,0.13,0.21,0,,,,,
wet,TOV_KORMOTECH,СТМ (Labou),cats,economy,pouch,0,,,,,,,,,,,,,,,,206 808.00,,,,,,,,,,,,,,,,,,,,,,,,,,,,,,17.58,,,,,,,,,,,,,,,,,,,,,,,,,,,,,,1.61,,,,,,,,,,,,,,
wet,TOV_KORMOTECH,СТМ (Nutrivia),cats,economy,can,1,4 179.00,13 593.00,5 873.00,763,11 053.00,8 344.00,11 082.00,18 830.00,,3 922.00,6 027.00,11 949.00,10 728.00,11 306.00,16 147.00,,20 440.00,4 386.00,7 319.00,4 624.00,14 980.00,24 550.00,,6 782.00,17 587.00,4 646.00,7 995.00,9 855.00,2 400.00,6 585.00,3.31,14.08,6.48,0.73,10.93,8.5,11.66,20.71,,4.58,6.04,12.01,10.35,12.87,13.14,,23.02,4.13,8.34,4.54,15.71,26.06,,6.43,19.12,4.44,7.39,9.37,2.88,6.83,0.26,0.96,0.45,0.05,0.79,0.56,0.76,1.3,,0.29,0.4,0.8,0.67,0.87,0.94,,1.61,0.3,0.56,0.39,1.38,2.27,,0.62,1.81,0.43,0.73,0.93,0.27,0.65
wet,TOV_KORMOTECH,СТМ (Sjobogarden),cats,economy,can,1,54 648.00,13 066.00,6 264.00,21 804.00,27 304.00,46 728.00,18 360.00,3 960.00,30 264.00,19 800.00,43 800.00,30 995.00,29 132.00,10 692.00,48 538.00,47 232.00,10 800.00,42 768.00,19 404.00,19 860.00,24 144.00,58 368.00,36 671.00,28 560.00,38 604.00,45 288.00,42 600.00,32 448.00,57 528.00,52 932.00,91.24,43.68,30.07,46.2,81.48,103.05,33.12,15.84,50.52,34.85,134.02,59.15,87.03,51.32,113.37,72.35,31.76,88.07,36.12,73.73,60.5,123.64,79.67,83.85,111.43,101.75,82.46,97.86,139.05,145.32,3.97,1.81,1.22,1.92,3.37,4.27,1.33,0.6,2.02,1.37,5.05,2.39,3.48,2.12,4.82,3.19,1.32,3.88,1.6,4.05,3.14,6.32,4.45,4.76,6.68,6.2,4.94,6.16,8.74,8.93
wet,TOV_KORMOTECH,СТМ (Sjobogarden),dogs,economy,can,1,3 564.00,11 148.00,8 844.00,10 212.00,3 840.00,3 564.00,10 956.00,,6 000.00,,3 840.00,11 564.00,3 564.00,7 128.00,3 840.00,22 080.00,15 840.00,,,,9 804.00,5 280.00,10 284.00,5 484.00,12 012.00,13 644.00,4 800.00,5 964.00,12 960.00,8 844.00,17.11,25.48,21.52,22.62,4.61,17.11,19.76,,2.4,,4.61,29.59,17.11,34.21,4.61,16.9,19.01,,,,24.6,6.34,25.17,19.41,33.47,29.2,5.76,19.99,15.55,23.44,0.72,1.07,0.89,0.93,0.2,0.7,0.8,,0.11,,0.19,1.19,0.68,1.41,0.2,0.77,0.8,,,,1.38,0.38,1.35,1.11,2.07,1.78,0.36,1.25,1.01,1.46
wet,TOV_KORMOTECH,СТМ (Super Benek),cats,economy,pouch,1,,,,395 200.00,,,,,,,,,31 768.00,,,,,,,,,,,,442 320.00,,,,198 816.00,13 984.00,,,,39.52,,,,,,,,,3.18,,,,,,,,,,,,44.23,,,,19.88,1.4,,,,1.4,,,,,,,,,0.11,,,,,,,,,,,,2.68,,,,1.23,0.08
wet,TOV_KORMOTECH,СТМ (Повна Чаша),cats,economy,pouch,0,184 392.00,152 328.00,266 016.00,240 168.00,33 432.00,134 808.00,187 392.00,311 617.00,234 479.00,276 144.00,299 136.00,,429 936.00,101 232.00,128 040.00,,,152 256.00,116 136.00,127 392.00,101 208.00,58 056.00,55 321.00,7 632.00,,89 088.00,99 144.00,44 136.00,56 664.00,157 560.00,18.44,15.23,26.6,24.02,3.34,13.48,18.74,31.16,23.45,27.61,29.91,,42.99,10.12,12.8,,,15.23,11.61,12.74,10.12,5.81,5.53,0.76,,8.91,9.91,4.41,5.67,15.76,0.72,0.59,1.04,0.94,0.13,0.53,0.73,1.22,0.91,1.08,1.17,,1.68,0.39,0.5,,,0.59,0.45,0.5,0.39,0.23,0.22,0.03,,0.35,0.39,0.17,0.22,0.61
wet,TOV_KORMOTECH,СТМ (ТМ  «Українська Зірка»),cats,economy,pouch,0,138 240.00,130 080.00,167 040.00,115 200.00,184 320.00,132 480.00,149 760.00,92 160.00,161 280.00,195 840.00,305 280.00,69 120.00,63 360.00,132 480.00,117 312.00,25 680.00,117 144.00,172 800.00,224 640.00,138 240.00,155 520.00,259 200.00,158 568.00,10 368.00,105 576.00,126 720.00,88 656.00,172 440.00,230 400.00,184 320.00,13.82,13.01,16.7,11.52,18.43,13.25,14.98,9.22,16.13,19.58,30.53,6.91,6.34,13.25,11.73,2.57,11.71,17.28,22.46,13.82,15.55,25.92,15.86,1.04,10.56,12.67,8.87,17.24,23.04,18.43,0.83,0.81,1.04,0.72,1.15,0.83,0.93,0.58,1.06,1.28,2.13,0.5,0.45,0.95,0.84,0.21,0.97,1.43,2,1.33,1.49,2.49,1.52,0.1,1.01,1.34,0.94,1.98,2.76,2.23
wet,TOV_KORMOTECH,"СТМ (ТМ ""ARO"")",cats,economy,pouch,0,302 448.00,40 464.00,183 456.00,137 760.00,163 728.00,123 096.00,119 088.00,208 920.00,97 680.00,220 320.00,217 680.00,120 648.00,121 200.00,190 896.00,105 168.00,271 896.00,114 048.00,142 272.00,119 232.00,188 928.00,166 464.00,177 384.00,75 288.00,26 808.00,150 456.00,139 392.00,134 424.00,218 280.00,186 768.00,154 368.00,30.24,4.05,18.35,13.78,16.37,12.31,11.91,20.89,9.77,22.03,21.77,12.06,12.12,19.09,10.52,27.19,11.4,14.23,11.92,18.89,16.65,17.74,7.53,2.68,15.05,13.94,13.44,21.83,18.68,15.44,1.89,0.25,1.14,0.86,1.02,0.77,0.74,1.3,0.64,1.44,1.6,0.88,0.89,1.42,0.8,2.19,0.94,1.18,1.06,1.74,1.53,1.63,0.69,0.25,1.53,1.41,1.41,2.4,2.13,1.78
wet,TOV_KORMOTECH,"СТМ (ТМ ""АШАН"")",cats,economy,pouch,0,126 720.00,40 320.00,109 440.00,86 400.00,57 600.00,34 560.00,51 840.00,74 880.00,69 120.00,103 680.00,57 600.00,86 400.00,74 880.00,5 760.00,32 016.00,75 360.00,74 736.00,112 608.00,46 080.00,299 520.00,,,132 312.00,,46 080.00,28 056.00,53 352.00,5 760.00,138 192.00,103 224.00,12.67,4.03,10.94,8.64,5.76,3.46,5.18,7.49,6.91,10.37,5.76,8.64,7.49,0.58,3.2,7.54,7.47,11.26,4.61,29.95,,,13.23,,4.61,2.81,5.34,0.58,13.82,10.32,0.73,0.23,0.63,0.52,0.36,0.22,0.32,0.47,0.43,0.68,0.4,0.62,0.54,0.04,0.23,0.58,0.62,0.93,0.38,2.65,,,1.22,,0.47,0.28,0.58,0.06,1.52,1.19
wet,TOV_KORMOTECH,СТМ (ТМ «1»),cats,economy,pouch,1,,,,,,,,,,,,,,,,,,,,46 080.00,,23 040.00,,,,,63 360.00,,33 984.00,,,,,,,,,,,,,,,,,,,,,4.61,,2.3,,,,,6.34,,3.4,,,,,,,,,,,,,,,,,,,,,0.24,,0.12,,,,,0.37,,0.2,
wet,TOV_KORMOTECH,СТМ (ТМ «1»),cats,economy,pouch,0,,,,,,,,54 552.00,64 464.00,123 672.00,183 192.00,103 680.00,69 120.00,34 560.00,131 592.00,89 256.00,165 792.00,60 552.00,94 320.00,217 368.00,145 728.00,407 280.00,86 328.00,20 592.00,234 768.00,143 208.00,132 888.00,167 040.00,177 744.00,145 896.00,,,,,,,,5.46,6.45,12.37,18.32,10.37,6.91,3.46,13.16,8.93,16.58,6.06,9.43,21.74,14.57,40.73,8.63,2.06,23.48,14.32,13.29,16.7,17.77,14.59,,,,,,,,0.35,0.44,0.84,1.39,0.81,0.54,0.27,1.03,0.76,1.49,0.54,0.85,2.05,1.4,3.68,0.77,0.2,2.53,1.54,1.45,1.95,2.11,1.8
wet,TOV_KORMOTECH,СТМ (ТМ «Кожен день»),cats,economy,can,0,15 840.00,12 320.00,10 560.00,7 040.00,10 480.00,8 800.00,12 320.00,10 560.00,7 040.00,14 080.00,8 800.00,10 560.00,10 460.00,,1 540.00,10 320.00,3 120.00,5 380.00,4 420.00,5 060.00,7 740.00,6 740.00,7 860.00,10 920.00,3 580.00,11 240.00,5 340.00,2 620.00,3 940.00,6 340.00,6.57,5.11,4.38,2.92,4.35,3.65,5.11,4.38,2.92,5.84,3.65,4.38,4.34,,0.64,4.28,1.29,2.23,1.83,2.1,3.21,2.8,3.26,4.53,1.49,4.66,2.22,1.09,1.64,2.63,0.27,0.22,0.19,0.13,0.19,0.16,0.22,0.19,0.13,0.25,0.18,0.23,0.23,,0.04,0.29,0.09,0.15,0.12,0.14,0.22,0.19,0.22,0.31,0.1,0.32,0.16,0.08,0.11,0.17
wet,TOV_KORMOTECH,СТМ (ТМ «Кожен день»),dogs,economy,can,0,5 080.00,3 780.00,3 540.00,2 580.00,4 040.00,3 060.00,3 480.00,3 400.00,2 240.00,4 120.00,2 800.00,3 040.00,3 740.00,400,1 100.00,5 260.00,2 080.00,2 040.00,1 140.00,1 400.00,2 140.00,2 040.00,1 800.00,3 320.00,1 900.00,4 280.00,1 520.00,1 200.00,1 840.00,3 660.00,2.11,1.57,1.47,1.07,1.68,1.27,1.44,1.41,0.93,1.71,1.16,1.26,1.55,0.17,0.46,2.18,0.86,0.85,0.47,0.58,0.89,0.85,0.75,1.38,0.79,1.78,0.63,0.5,0.76,1.52,0.09,0.07,0.06,0.05,0.07,0.05,0.06,0.06,0.04,0.07,0.06,0.07,0.08,0.01,0.03,0.15,0.06,0.06,0.03,0.04,0.06,0.06,0.05,0.09,0.05,0.12,0.05,0.04,0.05,0.1
wet,TOV_KORMOTECH,СТМ (ТМ «Розумний Вибір»),cats,economy,pouch,0,,,,539 760.00,1 253 496.00,1 861 584.00,1 058 160.00,843 024.00,757 728.00,900 480.00,1 054 056.00,1 060 224.00,1 100 496.00,536 256.00,428 232.00,388 032.00,1 114 056.00,1 430 664.00,1 074 312.00,648 744.00,328 728.00,713 064.00,1 090 368.00,922 896.00,1 162 080.00,970 656.00,1 194 312.00,926 640.00,1 302 024.00,1 200 192.00,,,,53.98,125.35,186.16,105.82,84.3,75.77,90.05,105.41,106.02,110.05,53.63,42.82,38.8,111.41,143.07,107.43,64.87,32.87,71.31,109.04,92.29,116.21,97.07,119.43,92.66,130.2,120.02,,,,2.99,6.94,10.31,5.86,4.67,4.25,5.2,6.08,6.39,7.04,3.43,2.79,2.94,8.43,10.82,8.21,5.14,2.72,5.9,9.02,7.63,10.61,8.86,10.9,9.15,12.9,11.89
wet,TOV_KORMOTECH,CTM_CHYSTA_VYHODA,cats,economy,pouch,0,223 992.00,340 464.00,399 144.00,401 280.00,145 560.00,572 760.00,487 128.00,129 888.00,251 904.00,456 624.00,224 232.00,684 672.00,168 528.00,167 736.00,180 432.00,,314 400.00,157 584.00,236 712.00,272 832.00,228 288.00,463 824.00,188 136.00,20 520.00,,144 840.00,69 984.00,,,,22.4,34.05,39.91,40.13,14.56,57.28,48.71,12.99,25.19,45.66,22.42,68.47,16.85,16.77,18.04,,31.44,15.76,23.67,27.28,22.83,46.38,18.81,2.05,,14.48,7,,,,1.31,1.99,2.43,2.44,0.89,3.48,2.96,0.82,1.65,2.99,1.61,4.91,1.21,1.2,1.29,,2.6,1.3,1.96,2.51,2.1,4.27,1.73,0.19,,1.47,0.71,,,
wet,TOV_KORMOTECH,СТМ (Animalis),cats,economy,can,1,1 920.00,2 880.00,2 880.00,,1 920.00,5 280.00,6 720.00,960,,3 840.00,960,2 880.00,,4 964.00,3 276.00,,5 280.00,,,1 440.00,5 280.00,1 920.00,,480,8 640.00,,960,7 200.00,1 440.00,,2.3,3.46,3.46,,2.3,6.34,8.06,1.15,,4.61,1.15,3.46,,5.96,3.93,,6.34,,,1.73,6.34,2.3,,0.58,10.37,,1.15,8.64,1.73,,0.15,0.23,0.22,,0.15,0.4,0.5,0.07,,0.27,0.07,0.21,,0.37,0.23,,0.38,,,0.12,0.5,0.19,,0.05,0.91,,0.1,0.76,0.15,
wet,TOV_KORMOTECH,СТМ (Міларіо),cats,economy,pouch,1,10 200.00,,,,17 280.00,,23 040.00,,,,23 040.00,,,11 520.00,,,,,,,11 520.00,11 520.00,,,14 856.00,,,,,,1.02,,,,1.73,,2.3,,,,2.3,,,1.15,,,,,,,1.15,1.15,,,1.49,,,,,,0.04,,,,0.07,,0.1,,,,0.1,,,0.05,,,,,,,0.07,0.06,,,0.08,,,,,
wet,TOV_KORMOTECH,СТМ (BAFFY CAT),cats,economy,can,1,,,,,,,,,,,,,,,,,,,39 600.00,27 600.00,61 200.00,39 600.00,,,72 000.00,61 200.00,46 800.00,126 000.00,124 800.00,67 200.00,,,,,,,,,,,,,,,,,,,15.84,11.04,24.48,15.84,,,28.8,24.48,18.72,50.4,49.92,26.88,,,,,,,,,,,,,,,,,,,0.91,0.64,1.34,0.87,,,1.65,1.38,1.05,3.13,3.12,1.69
wet,TOV_KORMOTECH,СТМ (BILLY DOG),dogs,economy,can,1,,,,,,,,,,,,,,,,,,,,12 000.00,57 600.00,39 600.00,,,7 200.00,57 600.00,32 400.00,72 000.00,70 800.00,12 000.00,,,,,,,,,,,,,,,,,,,,4.8,23.04,15.84,,,2.88,23.04,12.96,28.8,28.32,4.8,,,,,,,,,,,,,,,,,,,,0.28,1.26,0.87,,,0.16,1.29,0.73,1.79,1.8,0.3
wet,TOV_KORMOTECH,СТМ (Holmegarden’s),cats,economy,can,1,,24 700.00,11 040.00,,4 704.00,15 840.00,,,,,,,,,,,,,,,2 808.00,3 510.00,,1 690.00,7 800.00,,,3 900.00,,,,8.4,13.25,,5.64,19.01,,,,,,,,,,,,,,,0.95,1.19,,0.57,2.65,,,1.33,,,,0.37,0.55,,0.25,0.79,,,,,,,,,,,,,,,0.06,0.07,,0.03,0.16,,,0.08,,
wet,TOV_KORMOTECH,СТМ (Holmegarden’s),dogs,economy,can,1,,21 600.00,,,6 720.00,,,,,,,,,,,,,,,,,,,,,,,,,,,16.32,,,8.06,,,,,,,,,,,,,,,,,,,,,,,,,,,0.73,,,0.37,,,,,,,,,,,,,,,,,,,,,,,,,
wet,TOV_KORMOTECH,СТМ (Tiger),cats,economy,can,1,,,,,,,31 680.00,,15 840.00,15 840.00,,,,,15 840.00,,,,,10 560.00,,7 680.00,,,7 200.00,23 040.00,,31 680.00,15 840.00,31 680.00,,,,,,,38.02,,19.01,19.01,,,,,19.01,,,,,12.67,,9.22,,,8.64,27.65,,38.02,19.01,38.02,,,,,,,1.45,,0.7,0.69,,,,,0.76,,,,,0.65,,0.45,,,0.46,1.52,,2.1,1.09,2.13
wet,TOV_KORMOTECH,СТМ (Dr. Trend),cats,economy,pouch,1,,,,,,,,,,,,,,,,,,,,,,,152 100.00,,,,51 840.00,40 320.00,,103 680.00,,,,,,,,,,,,,,,,,,,,,,,12.93,,,,4.41,3.43,,8.81,,,,,,,,,,,,,,,,,,,,,,,0.95,,,,0.37,0.3,,0.72
wet,TOV_KORMOTECH,СТМ (Biocat),cats,economy,pouch,1,,23 040.00,,,,,,,,,,,,,,,,,,,,,42 984.00,,,,,,,,,2.3,,,,,,,,,,,,,,,,,,,,,4.3,,,,,,,,,0.09,,,,,,,,,,,,,,,,,,,,,0.23,,,,,,,
wet,TOV_KORMOTECH,СТМ (Faunakram),cats,economy,can,1,,8 160.00,10 000.00,,9 120.00,,,,,,,,,,,,,,,,,,,2 256.00,,,,,,,,9.79,5.1,,10.94,,,,,,,,,,,,,,,,,,,1.67,,,,,,,,0.46,0.24,,0.47,,,,,,,,,,,,,,,,,,,0.09,,,,,,
wet,PP_Hal_Euro_Contract,Leopold,cats,economy,can,0,6 812.00,1 240.00,2 752.00,4 008.00,2 096.00,944,2 570.00,2 805.00,5 514.00,2 808.00,2 403.00,2 216.00,5 024.00,1 016.00,,,1 408.00,656,13 904.00,400,928,1 344.00,192,3 584.00,816,2 688.00,2 928.00,3 992.00,2 568.00,2 952.00,2.45,0.45,0.99,1.44,0.75,0.34,0.93,1,1.99,1.01,0.87,0.79,1.81,0.37,,,0.51,0.24,5.01,0.14,0.33,0.48,0.07,1.29,0.29,0.97,1.05,1.44,0.92,1.06,0.12,0.03,0.05,0.07,0.04,0.02,0.04,0.06,0.1,0.05,0.04,0.04,0.09,0.02,,,0.04,0.02,0.44,0.01,0.03,0.04,0.01,0.1,0.02,0.08,0.09,0.12,0.07,0.09
wet,PP_Hal_Euro_Contract,Leopold,cats,economy,pouch,1,,,,,,,55 296.00,,,,,,,,,,,,,,,,,,,,,,,,,,,,,,5.53,,,,,,,,,,,,,,,,,,,,,,,,,,,,,,0.25,,,,,,,,,,,,,,,,,,,,,,,
wet,PP_Hal_Euro_Contract,Leopold,cats,economy,pouch,0,420 922.00,352 809.00,329 232.00,544 482.00,332 894.00,451 126.00,715 177.00,575 450.00,689 466.03,470 537.00,580 870.83,519 129.00,405 059.00,158 334.00,343 406.00,771 867.00,475 393.00,542 912.00,562 319.00,653 793.00,691 875.00,787 692.00,1 125 893.00,1 060 444.00,1 132 478.00,1 546 249.54,1 683 971.46,1 209 770.00,2 042 474.03,2 420 520.00,45.05,35.52,32.89,53.82,33.29,44.81,70.83,57.3,68.68,47.02,57.77,52.14,40.43,15.87,34.35,76.93,47.6,54.5,55.78,65.84,69.53,78.99,112.7,106.4,113.43,154.28,169.01,121.39,205.21,245.06,2.4,1.99,1.74,2.83,1.8,2.42,3.78,3.09,3.69,2.74,3.46,2.97,2.62,0.91,2.1,6.25,3.61,3.91,4.36,4.62,5.1,6.31,8.92,9.13,9.7,13.91,15.31,10.16,16.21,19.08
wet,PP_Hal_Euro_Contract,Leopold,cats,economy,glass_jar,0,12 856.00,20 493.00,17 364.00,5 898.00,7 986.00,5 730.00,4 697.00,12 760.00,10 891.00,13 788.00,7 081.00,14 532.00,13 860.00,4 524.00,7 494.00,15 492.00,14 858.00,5 118.00,7 212.00,8 778.00,14 784.00,10 920.00,8 238.00,10 549.00,14 834.00,24 700.00,9 468.00,10 350.00,11 592.00,14 772.00,6.12,10.25,8.2,2.67,3.93,2.63,2.28,5.92,5.17,6.75,3.56,7.07,6.76,2.28,3.56,7.71,6.9,2.59,3.57,4.12,7.21,5.39,3.93,5.19,7.38,12.46,5.09,4.98,6,7.46,0.32,0.54,0.43,0.16,0.21,0.15,0.13,0.35,0.31,0.38,0.2,0.43,0.4,0.13,0.25,0.5,0.5,0.17,0.25,0.3,0.52,0.39,0.3,0.41,0.57,0.92,0.44,0.46,0.42,0.55
wet,PP_Hal_Euro_Contract,Leopold,dogs,economy,can,0,7 536.00,3 207.00,3 328.00,4 144.00,2 728.00,2 296.00,3 716.00,3 284.00,6 083.00,3 376.00,3 474.00,4 416.00,6 864.00,1 224.00,128,,922,296,1 680.00,808,1 432.00,504,72,2 728.00,760,1 600.00,1 944.00,3 016.00,2 272.00,1 953.00,2.71,1.15,1.2,1.49,0.98,0.83,1.34,1.18,2.19,1.22,1.25,1.59,2.47,0.44,0.05,,0.33,0.11,0.6,0.29,0.52,0.18,0.03,0.98,0.27,0.58,0.7,1.09,0.82,0.7,0.14,0.06,0.07,0.07,0.05,0.04,0.07,0.09,0.12,0.07,0.07,0.1,0.14,0.03,0,,0.03,0.01,0.05,0.03,0.05,0.02,0,0.08,0.02,0.05,0.06,0.1,0.07,0.06
wet,PP_Hal_Euro_Contract,Leopold,dogs,economy,pouch,0,82 764.00,56 745.00,160 205.00,53 420.00,55 960.00,35 929.00,93 645.00,60 484.00,112 717.00,82 970.00,70 265.00,46 155.00,104 097.00,44 564.00,20 591.00,146 157.00,102 401.00,45 349.00,59 877.00,43 074.00,64 994.00,89 923.00,78 441.00,133 793.00,90 240.00,145 656.00,175 960.00,108 889.00,155 913.00,166 233.00,13.78,10.19,18.82,7.49,8.75,4.95,11.33,8.23,15.92,11.66,10.55,7.99,14.41,5.99,4.03,14.98,11.59,7.21,10.11,8.89,12.3,14.29,14.81,23.18,17.31,23.93,31.11,16.96,35.9,29.09,0.7,0.52,0.96,0.39,0.45,0.27,0.6,0.45,0.83,0.65,0.58,0.49,1,0.34,0.27,1.25,0.95,0.5,0.82,0.65,0.88,1.14,1.13,1.9,1.37,2.05,2.56,1.55,2.81,2.37
wet,PP_Hal_Euro_Contract,Leopold,dogs,economy,glass_jar,0,20 726.00,22 196.00,22 190.00,6 387.00,16 614.00,6 216.00,8 284.00,13 938.00,17 310.00,14 116.00,16 444.00,18 192.00,23 932.00,6 894.00,10 866.00,18 060.00,12 252.00,5 736.00,8 880.00,8 880.00,16 107.00,13 434.00,6 456.00,10 973.00,14 336.00,22 645.00,16 674.00,13 045.00,17 907.46,19 386.00,13.27,13.91,13.97,3.81,10.41,3.68,4.99,8.81,10.96,8.4,10.53,11.19,15.16,4.42,6.72,10.12,7.29,3.44,5.16,5.5,10.05,8.02,3.46,5.89,8.07,12.78,10.4,7.7,10.71,11.25,0.58,0.65,0.69,0.19,0.5,0.18,0.23,0.45,0.56,0.44,0.52,0.6,0.79,0.23,0.41,0.64,0.47,0.21,0.34,0.36,0.65,0.56,0.27,0.45,0.6,0.94,0.82,0.57,0.71,0.78
wet,PP_Hal_Euro_Contract,Miss_Kiss,cats,economy,pouch,0,,,,,,,,434,,,,,,,,,,,,,,,,,,,,,,,,,,,,,,0.04,,,,,,,,,,,,,,,,,,,,,,,,,,,,,,0.01,,,,,,,,,,,,,,,,,,,,,,
wet,PP_Hal_Euro_Contract,Miss_Kiss,cats,economy,glass_jar,0,,2 238.00,,,,,,2 604.00,,,,,,,,,,,,,,,,,,,,,,,,1.12,,,,,,1.3,,,,,,,,,,,,,,,,,,,,,,,,0.05,,,,,,0.07,,,,,,,,,,,,,,,,,,,,,,
wet,PP_Hal_Euro_Contract,Mister_Hav,dogs,economy,glass_jar,0,,3 906.00,,,,,,3 496.00,,,,,,,,,,,,,,,,,,,,,,,,1.95,,,,,,1.76,,,,,,,,,,,,,,,,,,,,,,,,0.09,,,,,,0.09,,,,,,,,,,,,,,,,,,,,,,
wet,TOV_HARCHOVI_TECH_ZAKARPATYA,Miss_Kiss,cats,economy,pouch,0,136 844.00,34 211.00,109 964.00,,11 770.00,,,173 124.00,42 154.00,64 558.00,9 410.00,34 706.00,15 552.00,53 014.00,99 162.00,2 688.00,384,,,46 656.00,27 000.00,,10 368.00,21 504.00,,,,82 745.00,51 196.00,15 552.00,13.68,3.42,11,,1.18,,,17.31,4.22,6.46,0.94,3.47,1.56,5.3,9.92,0.27,0.04,,,4.67,2.7,,1.04,2.15,,,,8.27,5.12,1.56,0.59,0.15,0.47,,0.05,,,1.01,0.25,0.39,0.06,0.22,0.1,0.35,0.64,0.02,0,,,0.37,0.24,,0.09,0.19,,,,0.74,0.46,0.16
wet,TOV_HARCHOVI_TECH_ZAKARPATYA,Pan_Kit,cats,economy,pouch,1,25 920.00,,183 744.00,6 336.00,,,,,,,,,,10 368.00,1 920.00,,192,,,,,,,,,,74 880.00,,190 080.00,,2.59,,18.37,0.63,,,,,,,,,,1.04,0.19,,0.02,,,,,,,,,,7.49,,19.01,,0.11,,0.63,0.02,,,,,,,,,,0.03,0.01,,0,,,,,,,,,,0.36,,1.02,
wet,TOV_HARCHOVI_TECH_ZAKARPATYA,Pan_Kit,cats,economy,pouch,0,65 501.00,185 695.00,88 935.26,199 916.00,212 222.00,88 007.00,158 093.00,359 906.00,344 175.00,107 880.00,294 717.00,401 840.00,327 595.03,157 824.00,935 049.00,1 179 810.00,1 719 158.00,644 126.00,542 727.00,1 483 957.00,995 013.00,911 394.00,459 831.00,859 465.00,377 863.00,900 322.00,532 345.04,1 076 256.00,1 292 321.48,4 095 282.42,6.55,18.57,8.89,19.99,21.22,8.8,15.81,35.99,34.42,10.79,29.47,40.18,32.76,15.78,93.5,117.98,171.92,64.41,54.27,148.4,99.5,91.14,45.98,85.95,37.79,90.03,53.23,107.63,129.23,409.53,0.41,1.13,0.53,1.21,1.3,0.55,0.98,2.29,2.25,0.72,1.77,2.52,2.11,1.02,6,8.56,13.64,5.12,4.21,11.68,8.47,8.4,4.14,8.17,3.57,8.24,4.95,9.85,12.03,37.82
wet,TOV_HARCHOVI_TECH_ZAKARPATYA,Wise,cats,economy,pouch,1,,,72 576.00,,,77 856.00,,,,,,,,,380 160.00,454 464.00,1 392.00,80 640.00,379 008.00,374 400.00,224 064.00,184 320.00,42 696.00,1 061 568.00,929 088.00,529 920.00,169 920.00,246 528.00,311 040.00,740 736.00,,,7.26,,,7.79,,,,,,,,,38.02,45.45,0.14,8.06,37.9,37.44,22.41,18.43,4.27,106.16,92.91,52.99,16.99,24.65,31.1,74.07,,,0.25,,,0.26,,,,,,,,,0.73,0.99,0,0.27,1.31,1.51,0.8,0.7,0.16,4.06,4.35,2.5,0.84,1.3,1.58,3.8
wet,TOV_HARCHOVI_TECH_ZAKARPATYA,Wise,cats,economy,pouch,0,,,,,,,,,,,,,,,,,,,,,,,20 736.00,,,,,,,,,,,,,,,,,,,,,,,,,,,,,,2.07,,,,,,,,,,,,,,,,,,,,,,,,,,,,,,0.13,,,,,,,
wet,TOV_HARCHOVI_TECH_ZAKARPATYA,CarpathianPetFood,cats,middle,pouch,1,,,,,,,,,,,,,,,,,2 112.00,19 200.00,74 208.00,11 520.00,10 368.00,34 560.00,11 352.00,,,145 728.00,217 728.00,37 440.00,1 307 520.00,69 120.00,,,,,,,,,,,,,,,,,0.21,1.73,6.49,0.92,0.83,2.89,0.91,,,12.67,19.1,3,129.37,5.99,,,,,,,,,,,,,,,,,0.01,0.09,0.31,0.05,0.04,0.15,0.05,,,0.85,1.36,0.24,8.99,0.41
wet,TOV_HARCHOVI_TECH_ZAKARPATYA,CarpathianPetFood,cats,middle,pouch,0,,,,,,,,,,,,,,,,,,20 736.00,8 609.00,1 296.00,1 200.00,,,,,31 104.00,68 698.00,3 537.00,65 864.00,38 662.00,,,,,,,,,,,,,,,,,,1.84,0.76,0.12,0.1,,,,,3.06,6.2,0.32,5.94,3.54,,,,,,,,,,,,,,,,,,0.17,0.07,0.01,0.01,,,,,0.33,0.72,0.04,0.69,0.41
wet,TOV_HARCHOVI_TECH_ZAKARPATYA,CarpathianPetFood,dogs,middle,pouch,1,,,,,,,,,,,,,,,,,1 850.00,9 600.00,59 424.00,11 520.00,,34 560.00,8 472.00,,,63 360.00,86 400.00,11 520.00,80 640.00,28 800.00,,,,,,,,,,,,,,,,,0.19,0.96,5.94,1.15,,3.46,0.85,,,6.34,8.64,1.15,8.06,2.88,,,,,,,,,,,,,,,,,0,0.04,0.25,0.05,,0.16,0.04,,,0.38,0.55,0.07,0.53,0.18
wet,TOV_HARCHOVI_TECH_ZAKARPATYA,CarpathianPetFood,dogs,middle,pouch,0,,,,,,,,,,,,,,,,,,9 213.00,4 136.00,1 296.00,3 984.00,,,,,12 960.00,13 742.00,18 775.00,7 824.00,7 176.00,,,,,,,,,,,,,,,,,,0.92,0.41,0.13,0.4,,,,,1.3,1.37,1.88,0.78,0.72,,,,,,,,,,,,,,,,,,0.08,0.04,0.01,0.04,,,,,0.14,0.15,0.2,0.08,0.08
wet,TOV_BORYSFEND_TRADE,My_family,cats,economy,can,0,,,,,,,,,,,,,,6 433.00,,,,,4 500.00,,13 532.08,,,,,,,,,720,,,,,,,,,,,,,,0.96,,,,,0.68,,2.03,,,,,,,,,0.11,,,,,,,,,,,,,,0.09,,,,,0.06,,0.2,,,,,,,,,0.01
wet,TOV_BORYSFEND_TRADE,My_family,dogs,economy,can,0,,,,,,,,,,,,,,4 193.00,,,,,,,11 184.00,,,,,,,,,,,,,,,,,,,,,,,0.63,,,,,,,1.68,,,,,,,,,,,,,,,,,,,,,,,0.06,,,,,,,0.16,,,,,,,,,
wet,TOV_BORYSFEND_TRADE,Carnie,cats,premium,can,0,,,,,,,,,,,124 282.13,85 190.87,52 961.89,16 480.00,21 136.00,286 513.00,25 908.40,8 256.21,15 947.45,20 994.58,13 378.52,13 160.00,21 738.30,9 206.00,29 505.89,3 952.28,2 880.00,215 790.74,30 320.05,42 183.48,,,,,,,,,,,11.81,8.09,5.03,1.57,2.01,25.99,2.42,0.77,1.48,1.89,1.21,1.18,1.96,0.83,2.66,0.36,0.26,21.49,2.82,3.99,,,,,,,,,,,1.92,1,0.66,0.19,0.32,4.45,0.43,0.14,0.26,0.31,0.18,0.2,0.32,0.15,0.48,0.07,0.06,4.34,0.6,0.78
wet,TOV_BORYSFEND_TRADE,Carnie,dogs,premium,can,0,,,,,,,,,,,26 620.00,12 000.00,13 736.11,768,5 714.00,59 636.00,17 204.43,1 945.99,4 238.63,6 615.29,3 251.91,5 709.73,7 044.80,4 208.20,7 783.90,2 604.13,576.01,15 605.49,12 166.00,9 416.00,,,,,,,,,,,2.53,1.14,4.1,0.28,1.42,9.6,4.02,0.92,0.9,1.92,0.85,1.78,1.66,1.34,1.68,0.71,0.19,5.67,3.92,2.92,,,,,,,,,,,0.41,0.14,0.39,0.03,0.16,1.27,0.47,0.1,0.11,0.19,0.1,0.18,0.18,0.14,0.2,0.08,0.02,0.62,0.5,0.36
wet,TOV_BORYSFEND_TRADE,Miasna_myska,cats,economy,can,0,,,,,,,,,,,,8 812.00,10 080.55,2 776.00,7 488.00,11 769.00,8 127.16,2 999.50,2 735.90,7 518.57,6 519.25,2 792.00,5 375.71,17 792.00,14 492.84,8 535.40,6 911.75,3 479.96,4 152.06,10 155.78,,,,,,,,,,,,3.66,4.18,1.15,3.11,4.88,3.37,1.24,1.14,3.12,2.71,1.16,2.23,7.38,6.01,3.54,2.87,1.44,1.72,4.21,,,,,,,,,,,,0.18,0.2,0.05,0.17,0.31,0.21,0.08,0.07,0.19,0.14,0.07,0.13,0.43,0.33,0.21,0.17,0.1,0.12,0.28
wet,TOV_BORYSFEND_TRADE,Miasna_myska,dogs,economy,can,0,,,,,,,,,,,,7 400.00,13 424.40,2 466.00,7 576.00,11 484.00,14 238.40,3 999.56,3 694.10,5 333.32,7 772.11,15 622.75,1 721.98,8 761.93,24 518.96,51 219.08,184 873.24,101 388.53,80 269.38,126 865.22,,,,,,,,,,,,3.07,6.93,1.18,4.08,5.11,8.01,2.24,2.48,3,4.62,6.61,0.96,4.6,11.44,22.63,77.16,43.52,33.91,53.28,,,,,,,,,,,,0.14,0.33,0.05,0.21,0.32,0.49,0.14,0.15,0.17,0.25,0.37,0.05,0.28,0.64,1.54,4.63,2.67,2.08,3.27
wet,TOV_BORYSFEND_TRADE,Pet_Chef,cats,premium,can,0,,,,,,,,,,,37 132.00,66 056.00,8 648.23,3 224.00,6 568.00,28 416.00,16 566.92,6 512.20,10 335.57,2 631.77,9 926.20,2 159.79,4 007.04,4 304.04,7 103.93,52 192.30,64 549.00,79 830.07,20 767.95,5 471.96,,,,,,,,,,,9.55,14.78,2.3,0.85,1.73,7.85,4.98,1.71,3.35,0.8,3.1,0.6,1.16,1.29,2.02,11.14,12.99,15.16,4.75,1.55,,,,,,,,,,,0.76,0.97,0.16,0.06,0.13,0.72,0.43,0.16,0.26,0.07,0.21,0.05,0.09,0.11,0.16,1.4,1.5,1.98,0.54,0.16
wet,TOV_BORYSFEND_TRADE,Pet_Chef,dogs,premium,can,0,,,,,,,,,,,41 981.85,26 801.28,10 250.24,2 266.00,6 576.00,83 704.00,26 408.61,6 359.64,7 860.27,2 083.94,19 894.05,2 072.06,2 056.09,2 418.00,7 169.95,5 281.95,1 456.00,4 634.06,7 896.00,4 228.01,,,,,,,,,,,11.46,7.19,4.45,0.8,2.1,21.12,9.32,2.36,4.2,0.89,14.3,0.85,1.06,1.37,2.53,2.64,0.66,2.4,2.84,2.08,,,,,,,,,,,0.9,0.47,0.27,0.05,0.16,1.82,0.74,0.19,0.28,0.07,0.54,0.06,0.07,0.1,0.19,0.17,0.05,0.2,0.26,0.18
wet,TOV_BORYSFEND_TRADE,SuperCat,cats,premium,can,0,,,,,,,,,,,,,,37 522.77,,,,,,,3 487.72,,,,,5 407.57,,,,,,,,,,,,,,,,,,3.75,,,,,,,0.7,,,,,1.08,,,,,,,,,,,,,,,,,,0.54,,,,,,,0.07,,,,,0.11,,,,
wet,TOV_BORYSFEND_TRADE,Yizhachok,cats,economy,can,0,,,,,,,,,,,,,,2 604.00,16 640.00,,,,,11 200.00,6 032.00,,,,,,2 440.00,1 759.59,12 800.00,1 136.00,,,,,,,,,,,,,,1.08,6.91,,,,,4.65,2.5,,,,,,1.01,0.73,5.31,0.47,,,,,,,,,,,,,,0.05,0.31,,,,,0.26,0.12,,,,,,0.05,0.04,0.31,0.03
wet,TOV_BORYSFEND_TRADE,Yizhachok,dogs,economy,can,0,,,,,,,,,,,,,,2 604.00,5 120.00,,,,,11 200.00,10 601.00,,,,,,,,9 600.00,1 024.00,,,,,,,,,,,,,,1.08,2.12,,,,,4.65,4.4,,,,,,,,3.98,0.42,,,,,,,,,,,,,,0.05,0.09,,,,,0.24,0.18,,,,,,,,0.24,0.03
wet,TOV_BORYSFEND_TRADE,Druzhok,cats,premium,can,0,,,,,,,,,,,,,,,,,,,,,,,,,,17 280.00,,,,,,,,,,,,,,,,,,,,,,,,,,,,,,7.17,,,,,,,,,,,,,,,,,,,,,,,,,,,,,,0.51,,,,
wet,TOV_BORYSFEND_TRADE,SuperDog,dogs,premium,can,0,,,,,,,,,,,,,,,,,,8 053.44,,,2 511.80,4,,,,3 023.76,,,,,,,,,,,,,,,,,,,,,,6.44,,,0.5,0,,,,0.6,,,,,,,,,,,,,,,,,,,,,,0.42,,,0.05,0,,,,0.06,,,,
wet,TOV_BORYSFEND_TRADE,Essence,cats,middle,can,0,,,,,,,,,,,,,,,,,40 000.00,11 200.00,,,,,,,,,,,,,,,,,,,,,,,,,,,,,8,2.24,,,,,,,,,,,,,,,,,,,,,,,,,,,,,0.86,0.24,,,,,,,,,,,,
wet,TOV_BORYSFEND_TRADE,Essence,dogs,middle,can,0,,,,,,,,,,,,,,,,,80 000.00,21 360.00,,,,,,,,,,,,,,,,,,,,,,,,,,,,,40,10.37,,,,,,,,,,,,,,,,,,,,,,,,,,,,,2.93,0.77,,,,,,,,,,,,
wet,TOV_BORYSFEND_TRADE,PREMIUM_PET,cats,premium,can,0,,,,,,,,,,,,,,,,,,,,,,,,,,,,,14 400.00,14 400.00,,,,,,,,,,,,,,,,,,,,,,,,,,,,,1.44,1.44,,,,,,,,,,,,,,,,,,,,,,,,,,,,,0.2,0.2
wet,TOV_BORYSFEND_TRADE,PREMIUM_PET,dogs,premium,can,0,,,,,,,,,,,,,,,,,,,,,,,,,,,,,3 150.00,3 271.35,,,,,,,,,,,,,,,,,,,,,,,,,,,,,1.57,1.61,,,,,,,,,,,,,,,,,,,,,,,,,,,,,0.11,0.12
dry_cats_and_dogs,TOV_KORMOTECH,CLUB_4_PAWS,cats,middle,sack,1,28 638.00,40 408.00,32 917.00,53 487.00,42 416.00,43 508.00,38 101.00,25 825.00,71 149.00,35 005.00,60 929.00,50 874.00,36 936.00,39 867.00,31 986.00,21 023.00,11 199.00,26 673.00,24 108.00,34 845.00,65 014.00,40 457.00,47 261.00,32 129.00,52 240.00,61 484.00,37 138.00,57 251.00,46 111.00,53 951.00,79.75,135.44,188.24,153.6,160.74,222.73,174.85,154.92,269.1,121.38,234.49,295.66,176.35,144.13,170.37,121.68,75.53,133.47,91.07,164.34,291.09,182.78,210.8,141.72,279.02,267.11,227.08,227.7,259.08,237.4,3.29,5.58,8.05,6.45,7.01,9.69,6.54,5.88,11.27,4.71,9.2,12.24,7.27,6.27,7.04,5.08,3.01,5.52,3.79,8.43,13.27,8.91,10.49,7.12,13.95,14.02,11.62,12.33,14.18,11.88
dry_cats_and_dogs,TOV_KORMOTECH,CLUB_4_PAWS,cats,middle,sack,0,281 863.00,292 547.00,361 379.00,277 565.00,292 732.00,351 845.00,321 266.00,381 971.00,356 728.00,332 248.00,443 020.00,466 057.00,412 350.00,323 163.00,391 141.00,353 470.00,332 555.00,383 935.00,368 893.00,403 736.00,423 617.00,586 378.00,476 261.00,480 545.00,466 665.00,449 127.00,540 108.00,564 441.00,612 084.00,612 144.00,688.32,646.42,674.33,660.23,710.31,717.75,717.83,725.52,862,455.74,980.03,1 047.39,759.08,530.31,789.61,869.57,671.2,735.77,812.63,936.23,887.13,755.73,738.68,862.16,741.54,781.66,759.33,897.73,979.19,822.65,61,57.97,61.01,58.6,64.29,67.34,67.06,68.86,82.02,48.27,98.41,106.2,82.85,59.3,91.43,107.18,82.26,87.32,97.6,112.95,114.9,106.14,102.95,118.93,103.54,109.92,107.24,126.6,142,125.6
dry_cats_and_dogs,TOV_KORMOTECH,CLUB_4_PAWS,dogs,middle,sack,1,12 997.00,14 054.00,19 340.00,23 479.00,15 403.00,13 803.00,18 047.00,14 366.00,24 926.00,15 447.00,18 344.00,22 939.00,20 979.00,16 848.00,21 454.00,12 791.00,8 015.00,21 584.00,10 037.00,18 548.00,31 397.00,20 104.00,21 059.00,17 956.00,26 416.00,26 843.00,19 547.00,18 978.00,31 612.00,26 745.00,117.96,143.61,174.55,193.38,119.51,119.53,182.63,153.1,176.47,169.41,190.86,199.84,183.26,135.82,226.36,123.82,59.19,196.69,104.88,171.09,297.5,174.35,210.5,171.2,261.52,251.69,196.11,154.75,248.14,257.28,3.57,4.39,5.32,5.95,3.75,3.8,5.35,4.37,5.2,5.22,5.65,6.02,5.74,4.5,7.44,4.14,1.87,6.42,3.59,7.09,10.87,7.01,8.28,6.33,10.6,10.31,7.88,7.18,11.34,10.06
dry_cats_and_dogs,TOV_KORMOTECH,CLUB_4_PAWS,dogs,middle,sack,0,98 161.00,90 829.00,100 286.00,87 870.00,102 907.00,103 498.00,110 513.00,126 346.00,116 390.00,121 346.00,128 084.00,179 756.00,132 917.00,124 105.00,140 405.00,126 419.00,117 697.00,133 416.00,129 129.00,129 483.00,135 739.00,140 431.00,124 031.00,142 510.00,133 341.00,128 247.00,152 492.00,112 142.00,135 539.00,154 441.00,471.79,414.89,519.41,563.19,534.25,449.17,572.86,581.8,556.08,500.03,624.73,660.85,478.69,421.52,825.67,493.37,458.85,485.73,512.92,537.13,544.17,555.05,413.66,570.33,458.63,462.93,529.8,467.73,533.26,630.34,31.91,28.52,35.35,37.63,36.1,31.47,39.54,40.08,39.12,35.8,43.72,48.38,36.55,32.48,64.39,43.51,40.16,41.14,41.75,44.81,46.36,48.99,38.75,51.86,41.73,42.5,49.02,44.19,48.71,56.89
dry_cats_and_dogs,TOV_KORMOTECH,OPTIMEAL,cats,premium,sack,1,5 406.00,10 864.00,4 818.00,11 537.00,6 686.00,4 245.00,19 578.00,3 575.00,27 053.00,11 804.00,5 909.00,6 436.00,7 008.00,4 844.00,8 567.00,5 673.00,10 106.00,7 705.00,11 090.00,27 257.00,8 963.00,12 765.00,13 275.00,7 968.00,16 681.00,17 902.00,13 624.00,7 812.00,27 497.00,24 813.00,17.45,15.24,18.62,14.76,19.27,9.79,47.38,13.01,48.4,16.31,24.6,19.35,15.12,17.11,33.62,14.61,19.71,20.54,18.16,35.28,20.99,33.04,33.71,16.47,55.45,48.1,38.71,23.77,40.73,27.41,1.31,1.12,1.41,1.1,1.36,0.7,3.44,0.83,3.55,1,1.52,1.32,1.11,1.27,2.37,1.25,1.47,1.47,1.24,4.07,1.7,2.61,3.02,1.3,5.15,3.96,4.23,2.11,4.31,2.91
dry_cats_and_dogs,TOV_KORMOTECH,OPTIMEAL,cats,premium,sack,0,41 064.00,40 145.00,46 936.00,53 666.00,55 052.00,39 792.00,52 075.00,74 878.00,52 317.00,47 003.00,88 265.00,57 920.00,35 488.00,37 608.00,34 932.00,76 819.00,41 290.00,50 257.00,65 276.00,57 159.00,46 521.00,52 673.00,48 077.00,52 242.00,38 938.00,45 667.00,59 980.00,40 767.00,55 162.00,58 591.00,58.63,64.54,63.28,65.45,86.06,59.38,56.54,85.11,82.48,55.51,78.5,78.47,48.72,57.58,65.43,120.13,58.46,80.43,70.9,83.97,63,68.18,95.49,94.53,44.18,69.6,80.08,56.76,68.75,77.02,10.22,11.16,10.72,10.89,15.05,10.59,9.8,15.31,14.62,10.6,14.85,14.76,9.81,11.67,13.11,27,13.08,17.55,15.2,17.61,13.54,14.58,18.61,21.83,10.42,16.19,18.92,13.12,15.92,18.61
dry_cats_and_dogs,TOV_KORMOTECH,OPTIMEAL,dogs,premium,sack,1,2 980.00,7 716.00,3 104.00,8 752.00,3 775.00,3 687.00,28 428.00,3 430.00,27 209.00,14 533.00,4 426.00,3 840.00,3 676.00,4 128.00,7 820.00,3 399.00,5 465.00,5 647.00,6 914.00,9 346.00,7 582.00,9 794.00,25 748.00,5 384.00,8 538.00,9 289.00,7 794.00,3 677.00,4 714.00,13 175.00,21.8,19.86,25.11,29.63,22.44,18.44,104.57,22.1,103.2,48.16,33.21,20.76,20.59,32.71,48.6,21.54,23.61,27.9,20.79,33.9,44.65,49.91,74.29,49.45,46.18,62.33,38.03,27.79,48,38.01,1.25,1.12,1.38,1.73,1.22,0.97,6.17,1.1,5.96,3.79,1.6,1.05,1.13,1.82,2.62,1.35,1.4,1.63,1.15,2.4,2.54,3.07,6.74,2.78,3.2,3.99,3.09,1.92,3.58,2.65
dry_cats_and_dogs,TOV_KORMOTECH,OPTIMEAL,dogs,premium,sack,0,10 389.00,9 903.00,10 136.00,12 686.00,10 375.00,11 346.00,12 599.00,11 487.00,10 710.00,11 418.00,12 953.00,9 223.00,8 919.00,11 219.00,12 804.00,17 718.00,8 150.00,12 387.00,12 942.00,12 314.00,9 980.00,10 278.00,13 066.00,10 743.00,6 043.00,12 177.00,13 245.00,9 176.00,7 815.00,10 460.00,65.61,62.39,60.92,80.64,61.77,71.88,71.05,74.37,75.06,56.99,96.43,65.63,68.83,64.29,92.07,100.5,61.54,89.39,78.17,85.81,62.43,65.73,110.2,72.91,32.4,80.79,95.16,69,42.87,73.29,8.4,8.17,7.88,10.25,8.08,9.58,9.04,9.23,9.35,7.93,10.91,8.12,9.02,9.1,12.24,17.08,8.64,12.55,10.8,11.51,8.73,9.56,14.8,11.78,5.08,11.17,12.82,9.23,6.72,10.8
dry_cats_and_dogs,TOV_KORMOTECH,Hav,dogs,economy,sack,1,7 127.00,7 009.00,3 908.00,5 205.00,2 957.00,4 329.00,7 844.00,3 332.00,11 779.00,2 994.00,12 297.00,5 590.00,6 411.00,5 897.00,5 202.00,3 866.00,1 974.00,2 916.00,1 706.00,6 576.00,3 793.00,3 077.00,5 986.00,944,4 312.00,8 084.00,4 496.00,7 334.00,9 504.00,2 064.00,21.59,21.46,17.53,23.4,20.47,22.86,20.86,17.17,53.35,14.91,35.81,27.23,18.26,20.31,11.03,9.25,4.21,11.64,7.14,13.14,14.73,11.49,17.32,2.74,11.44,22.08,22.93,15.46,17.45,5.97,0.4,0.41,0.32,0.44,0.38,0.42,0.39,0.3,0.98,0.27,0.68,0.52,0.36,0.41,0.23,0.2,0.08,0.24,0.19,0.39,0.4,0.31,0.5,0.06,0.31,0.61,0.62,0.46,0.53,0.21
dry_cats_and_dogs,TOV_KORMOTECH,Hav,dogs,economy,sack,0,43 199.00,39 208.00,45 191.00,41 599.00,39 633.00,40 978.00,49 383.00,51 391.00,48 471.00,46 210.00,51 183.00,45 108.00,43 052.00,32 142.00,50 774.00,36 440.00,42 536.00,34 460.00,34 969.00,48 407.00,33 531.00,41 564.77,30 106.23,42 575.00,35 675.00,38 519.00,39 324.00,34 429.00,33 843.00,61 508.00,154.3,145.85,165.19,163.35,155.73,158.43,208.25,195.26,199.71,186.82,232.99,180.27,144.99,98.07,250.7,133.69,186.61,198.23,190.98,201.93,150.99,175.27,138.13,175.08,152.5,179.93,171.32,139.85,208.09,241.15,6.55,6.22,7.09,6.93,6.71,6.69,8.92,8.31,8.52,7.83,10,7.78,6.73,4.66,12.38,7.05,9.23,9.01,8.74,9.57,7.89,9.65,8.09,10.21,8.83,10.55,10.22,8.31,11.46,13.58
dry_cats_and_dogs,TOV_KORMOTECH,Meow,cats,economy,sack,1,44 519.00,62 069.00,40 525.00,33 098.00,119 404.00,73 620.00,30 713.00,19 633.00,69 757.00,34 198.00,49 421.00,47 146.00,44 794.00,43 336.00,35 146.00,17 865.00,6 931.00,25 514.00,16 629.00,31 659.00,48 460.00,78 787.00,61 706.00,22 134.00,49 167.00,70 974.00,56 126.00,35 675.00,41 779.00,36 250.00,106.52,139.93,171.49,131.26,218.06,162.74,85.7,101.68,273.87,125.9,157.63,213.74,123.26,171.95,54.84,65.68,53.06,141.38,68.63,154.83,151.59,219.59,273.03,154.24,85.47,181.36,197.42,106.15,130.99,158.62,2.64,3.65,4.14,3.23,5.39,4.06,1.99,2.33,6.62,2.82,3.9,5.21,3.05,4.39,1.49,1.78,1.31,3.62,1.87,4.77,4.47,6.77,8.82,4.62,3.03,6.24,6.75,3.82,4.81,5.04
dry_cats_and_dogs,TOV_KORMOTECH,Meow,cats,economy,sack,0,376 160.00,385 424.00,359 684.00,365 108.00,352 450.00,369 189.00,417 892.00,443 215.00,407 581.00,333 194.00,414 218.00,423 449.00,415 436.00,344 149.00,297 217.00,272 584.00,439 411.00,325 345.00,396 694.00,436 080.00,322 757.00,396 185.00,382 581.00,436 822.00,372 088.00,517 369.00,329 921.00,392 140.00,362 097.00,493 543.32,880.05,833.62,930.7,857.75,894.97,835.69,1 112.51,1 007.30,1 043.54,1 088.43,1 288.33,1 013.22,959.2,908.75,820.39,598.16,1 002.45,915.58,1 075.21,1 116.84,914.59,948.63,873.2,914.69,1 003.02,1 327.01,591.54,970.31,860.54,978.96,48.82,47.24,50.33,45.89,47.46,44.78,55.15,50.27,51.13,51.64,63.77,55.06,52.46,47.08,51.83,41.01,66.03,57.29,65.05,67.87,60.18,65.38,66.41,70.02,75.56,101.73,52.09,76.92,68.95,77.25
dry_cats_and_dogs,TOV_KORMOTECH,MASTER,cats,economy,sack,1,1 524.00,1 156.00,1 761.00,3 633.00,369,1 417.00,273,1 128.00,1 343.00,2 685.00,1 249.00,2 410.00,981,1 992.00,751,816,453,1 142.00,1 308.00,955,1 473.00,1 875.00,1 263.00,1 300.00,2 019.00,3 608.00,2 212.00,2 366.00,20,1 363.00,21.34,16.18,24.65,50.86,5.17,19.84,3.82,15.79,18.8,37.59,17.49,33.74,13.73,27.89,10.51,11.42,6.34,15.99,18.31,13.37,20.62,26.25,17.68,18.2,28.27,50.51,30.97,33.12,0.28,19.08,0.35,0.26,0.42,0.84,0.09,0.34,0.06,0.29,0.36,0.7,0.35,0.67,0.26,0.62,0.21,0.26,0.15,0.32,0.52,0.37,0.56,0.67,0.5,0.54,0.79,1.48,0.74,0.96,0.01,0.58
dry_cats_and_dogs,TOV_KORMOTECH,MASTER,cats,economy,sack,0,,,,,,,,,,,,,,,,,,225,,,,,,,,,,,,,,,,,,,,,,,,,,,,,,3.15,,,,,,,,,,,,,,,,,,,,,,,,,,,,,,0.15,,,,,,,,,,,,
dry_cats_and_dogs,TOV_KORMOTECH,MASTER,dogs,economy,sack,1,800,897,1 078.00,1 692.00,905,240,282,302,429,427,770,695,561,507,192,721,164,1 066.00,395,308,799,366,489,229,234,1 460.00,870,1 179.00,89,219,11.2,12.56,15.09,23.69,12.67,3.36,3.95,4.23,6.01,5.98,10.78,9.73,7.85,7.1,2.69,10.09,2.3,14.92,5.53,4.31,11.19,5.12,6.85,3.21,3.28,20.44,12.18,16.51,1.25,3.07,0.15,0.17,0.21,0.33,0.18,0.05,0.06,0.06,0.1,0.09,0.17,0.16,0.12,0.12,0.04,0.17,0.03,0.24,0.13,0.1,0.26,0.09,0.16,0.07,0.07,0.42,0.25,0.52,0.03,0.06
dry_cats_and_dogs,TOV_KORMOTECH,MASTER,dogs,economy,sack,0,,,,,,,,,,,,,,,,,,,,138,276,347,1 116.00,939,486,1 161.00,1 237.00,475,1 072.00,,,,,,,,,,,,,,,,,,,,,1.93,3.86,4.86,15.62,13.15,6.8,16.25,17.32,6.65,15.01,,,,,,,,,,,,,,,,,,,,,0.07,0.15,0.18,0.57,0.48,0.25,0.6,0.64,0.25,0.55,
dry_cats_and_dogs,TOV_KORMOTECH,СТМ (Charli),dogs,economy,sack,1,18 630.00,32 046.00,36 678.00,24 409.00,59 996.00,14 256.00,,6 860.00,20 931.00,1 129.00,11 287.00,2 377.00,393,8 456.00,400,427,293,481,278,953,513,1 130.00,605,45,621,378,1 059.00,621,621,1 512.00,10.94,23.75,23.82,17.15,36.33,9.72,,8.79,12.72,1.8,10.27,5.81,1.83,5.29,1.6,2.14,1.47,1.8,1.39,3.96,1.07,4.64,1.61,0.02,0.47,0.68,1.18,1.28,1.28,2.7,0.2,0.42,0.43,0.31,0.65,0.17,,0.14,0.22,0.03,0.18,0.09,0.03,0.1,0.03,0.04,0.02,0.03,0.03,0.09,0.02,0.1,0.04,0,0.01,0.02,0.03,0.04,0.03,0.07
dry_cats_and_dogs,TOV_KORMOTECH,СТМ (Kittix),cats,economy,sack,1,6 460.00,6 480.00,4 320.00,12 960.00,12 960.00,,,6 480.00,2 160.00,,5 940.00,12 600.00,,3 240.00,,,,,,,,,,,4 000.00,5 400.00,12 320.00,,,,2.26,2.27,1.51,4.54,4.54,,,2.27,0.76,,2.08,4.41,,1.13,,,,,,,,,,,1.4,1.89,4.31,,,,0.06,0.06,0.04,0.12,0.12,,,0.06,0.02,,0.06,0.11,,0.03,,,,,,,,,,,0.06,0.06,0.18,,,
dry_cats_and_dogs,TOV_KORMOTECH,СТМ (Nutrivia),cats,economy,sack,1,5 316.00,4 608.00,208,216,416,2 320.00,4 232.00,2 228.00,,1 124.00,3 356.00,7 538.00,2 217.00,840,1 965.00,,4 306.00,1 334.00,924,2 888.00,3 172.00,3 116.00,,2 646.00,4 104.00,1 080.00,1 296.00,1 404.00,1 944.00,,16.43,12.02,1.04,0.43,2.08,6.2,15.98,7.58,,4.43,8.9,19.33,8.82,3.55,7.13,,16.89,5.05,3.11,9.05,11.32,11.04,,7.24,15.34,2.81,2.59,3.78,4.54,,0.93,0.71,0.05,0.03,0.1,0.33,0.8,0.38,,0.22,0.49,1.07,0.42,0.19,0.38,,0.93,0.28,0.17,0.62,0.79,0.76,,0.59,1.17,0.22,0.24,0.3,0.39,
dry_cats_and_dogs,TOV_KORMOTECH,СТМ (Повна Чаша),cats,economy,sack,0,18 445.00,22 491.00,27 999.00,56 916.00,1 530.00,18 207.00,18 054.00,28 305.00,13 923.00,13 005.00,13 770.00,,24 174.00,153,4 437.00,,,14 994.00,7 344.00,9 333.00,12 393.00,30 753.00,11 424.00,2 941.00,4 131.00,31 824.00,4 012.00,11 781.00,4 284.00,12 393.00,7.38,9,11.2,22.77,0.61,7.28,7.22,11.32,5.57,5.2,5.51,,9.67,0.06,1.77,,,6,2.94,3.73,4.96,12.3,4.57,1.18,1.65,12.73,1.6,4.71,1.71,4.96,0.25,0.31,0.38,0.78,0.02,0.25,0.25,0.39,0.19,0.18,0.19,,0.33,0,0.06,,,0.2,0.1,0.13,0.17,0.42,0.16,0.04,0.06,0.43,0.05,0.16,0.06,0.17
dry_cats_and_dogs,TOV_KORMOTECH,СТМ (Повна Чаша),dogs,economy,sack,0,999,756,1 674.00,1 863.00,3 618.00,,675,891,918,540,1 431.00,,702,243,432,,,2 322.00,297,1 566.00,1 431.00,2 727.00,1 128.00,,513,378,513,243,270,864,3,2.27,5.02,5.59,10.85,,2.03,2.67,2.75,1.62,4.29,,2.11,0.73,1.3,,,6.97,0.89,4.7,4.29,8.18,3.38,,1.54,1.13,1.54,0.73,0.81,2.59,0.07,0.05,0.11,0.13,0.24,,0.05,0.06,0.06,0.04,0.1,,0.05,0.02,0.03,,,0.16,0.02,0.11,0.1,0.18,0.08,,0.03,0.03,0.03,0.02,0.02,0.06
dry_cats_and_dogs,TOV_KORMOTECH,СТМ (ТМ  «Українська Зірка»),cats,economy,sack,0,4 518.00,4 776.00,4 683.00,3 567.00,5 256.00,3 882.00,3 417.00,3 861.00,3 711.00,5 521.00,6 603.00,3 702.00,6 159.00,3 861.00,9 450.00,12 618.00,1 272.00,3 426.00,4 982.00,7 077.00,3 873.00,4 029.00,7 027.00,1 137.00,8 310.00,7 101.00,4 176.00,4 335.00,4 479.00,5 262.00,2.99,2.39,3.23,2.13,2.89,2.39,2.11,2.07,2.05,2.65,2.99,1.92,3.03,2.07,4.25,6.1,1.21,2.25,3.25,3.4,2.25,2.36,4.39,1.42,4.02,4.5,2.33,2.48,2.4,2.98,0.15,0.12,0.16,0.11,0.15,0.12,0.11,0.11,0.1,0.14,0.16,0.11,0.17,0.12,0.26,0.39,0.08,0.15,0.21,0.21,0.15,0.17,0.32,0.1,0.3,0.32,0.17,0.2,0.2,0.25
dry_cats_and_dogs,TOV_KORMOTECH,"СТМ (ТМ ""ARO"")",cats,economy,sack,0,1 242.00,690,927,729,741,948,957,954,1 077.00,1 647.00,1 332.00,1 170.00,1 329.00,1 278.00,669,1 068.00,1 014.00,1 005.00,948,1 215.00,1 227.00,1 497.00,849,,,756,1 071.00,633,1 233.00,744,3.11,1.73,2.32,1.82,1.85,2.37,2.39,2.39,2.69,4.12,3.33,2.93,3.32,3.2,1.67,2.67,2.54,2.51,2.37,3.04,3.07,3.74,2.12,,,1.89,2.68,1.58,3.08,1.86,0.12,0.08,0.11,0.08,0.09,0.11,0.11,0.11,0.12,0.19,0.17,0.15,0.16,0.16,0.08,0.15,0.14,0.14,0.13,0.17,0.18,0.22,0.12,,,0.11,0.16,0.1,0.2,0.12
dry_cats_and_dogs,TOV_KORMOTECH,"СТМ (ТМ ""ARO"")",dogs,economy,sack,0,7 868.00,5 704.00,7 849.00,6 896.00,6 646.00,7 222.00,8 720.00,8 669.00,7 340.00,9 064.00,9 444.00,7 791.00,6 478.00,9 841.00,4 956.00,6 730.00,5 775.00,2 026.00,2 924.00,7 304.00,6 510.00,7 115.00,676,7 307.00,2 366.00,5 895.00,7 192.00,2 951.00,3 972.00,5 248.00,88.18,69.99,95.28,83.68,78.1,88.12,101.73,102.52,86.37,114.21,120.88,103.96,81.52,132.06,62.38,92.16,78.3,25.73,37.66,92.92,79.92,90.87,9.33,96.68,35.49,73.82,88.17,36.57,50.21,66.17,2.16,1.81,2.46,2.12,2.02,2.28,2.66,2.71,2.41,3.16,3.66,3.12,2.47,3.99,2.15,3.52,3.08,1.02,1.43,3.31,3.22,3.78,0.39,4.01,1.46,3.08,3.68,1.53,2.09,2.76
dry_cats_and_dogs,TOV_KORMOTECH,"СТМ (ТМ ""АШАН"")",cats,economy,sack,0,13 614.00,4 855.00,8 149.00,6 160.00,7 008.00,5 905.00,8 418.00,10 211.00,5 023.00,10 097.00,5 459.00,8 853.00,10 822.00,1 202.00,8 169.00,13 491.00,5 410.00,5 677.00,3 949.00,19 063.00,1 694.00,4 115.00,4 704.00,5 290.00,6 605.00,8 860.00,6 191.00,4 654.00,5 943.00,7 420.00,11.12,3.93,6.38,5.58,6.49,5.48,7.34,10.6,4.56,9.14,6.44,9.49,11.13,1.9,7.78,13.49,4.78,7.37,4.98,15.56,2.38,6.18,5.12,3.94,3.09,7.08,6.12,3,4.36,5.52,0.54,0.2,0.31,0.27,0.31,0.26,0.35,0.48,0.2,0.42,0.3,0.45,0.52,0.09,0.39,0.72,0.29,0.41,0.28,0.97,0.13,0.35,0.31,0.26,0.25,0.45,0.38,0.23,0.32,0.4
dry_cats_and_dogs,TOV_KORMOTECH,"СТМ (ТМ ""АШАН"")",dogs,economy,sack,0,8 506.00,4 986.00,5 848.00,4 831.00,6 275.00,5 698.00,7 993.00,7 592.00,4 905.00,9 020.00,6 132.00,7 846.00,10 548.00,573,5 700.00,9 500.00,4 144.00,2 996.00,2 388.00,7 814.00,865,2 850.00,3 247.00,3 964.00,3 228.00,6 597.00,4 127.00,3 021.00,3 481.00,6 244.00,51.06,31.84,40.75,31.24,37.47,32.47,41.7,36.93,28.72,54.27,36.08,43.39,59.16,0.54,28.86,42.42,16.9,19.01,15.49,41.33,6.03,17.57,15.11,13.15,9.71,33.9,24.74,13.23,15.7,33.31,1.29,0.87,1.13,0.87,1.05,0.91,1.19,1.1,0.78,1.59,1.14,1.41,1.92,0.03,1.06,1.74,0.73,0.81,0.63,1.74,0.25,0.77,0.7,0.66,0.45,1.54,1.06,0.62,0.74,1.52
dry_cats_and_dogs,TOV_KORMOTECH,СТМ (ТМ «1»),cats,economy,sack,1,,,,,,,1 564.00,,,1 054.00,,,1 615.00,,,2 312.00,,,,39,850,,,510,,,1 686.00,,714,,,,,,,,0.63,,,0.42,,,0.65,,,0.92,,,,0.59,0.34,,,0.2,,,2.95,,0.29,,,,,,,,0.02,,,0.01,,,0.02,,,0.03,,,,0.02,0.02,,,0.01,,,0.14,,0.01,
dry_cats_and_dogs,TOV_KORMOTECH,СТМ (ТМ «1»),cats,economy,sack,0,,,,,5 588.00,4 159.00,9 573.00,8 124.00,7 854.00,8 712.00,9 149.00,19 098.00,5 819.00,9 565.00,10 850.00,18 387.00,5 654.00,5 647.00,5 715.00,27 402.00,20 612.00,21 489.00,5 455.00,4 413.00,18 136.00,13 802.00,14 535.00,5 906.00,8 013.00,9 084.00,,,,,5.64,6.54,9.57,12.65,9.84,12.79,12.89,14.19,12.33,9.45,15.32,16.26,12.34,5.03,5.8,16.64,17.3,16.8,2.4,5.63,15.65,13.43,17.23,6.93,8.75,10.17,,,,,0.29,0.33,0.48,0.64,0.5,0.64,0.7,0.79,0.66,0.57,0.93,1.12,0.82,0.35,0.4,1.15,1.13,1.21,0.17,0.42,1.19,1.01,1.28,0.58,0.74,0.86
dry_cats_and_dogs,TOV_KORMOTECH,СТМ (ТМ «1»),dogs,economy,sack,1,,,,,,,,,,,,,,,,,,,,39,141,,,195,675,,78,,,,,,,,,,,,,,,,,,,,,,,0.59,0.2,,,0.1,0.34,,1.17,,,,,,,,,,,,,,,,,,,,,,,0.02,0.01,,,0,0.01,,0.04,,,
dry_cats_and_dogs,TOV_KORMOTECH,СТМ (ТМ «1»),dogs,economy,sack,0,472,452,518,454,447,404,434,670,459,575,522,550,1 162.00,1 034.00,5 550.00,659,1 003.00,516,816,4 724.00,6 410.00,3 488.00,230,2 630.00,1 974.00,2 246.00,2 433.00,846,2 404.00,3 449.00,7.08,6.78,7.77,6.81,6.71,6.06,6.51,10.05,6.89,8.63,7.83,8.25,10.25,5.72,19.96,9.89,15.05,0.78,1.92,9.7,14.49,9.24,2.44,5.96,10.25,7.69,9.74,3.67,7.68,9.21,0.18,0.19,0.24,0.21,0.21,0.19,0.2,0.31,0.22,0.27,0.26,0.28,0.36,0.22,0.84,0.45,0.69,0.04,0.1,0.49,0.69,0.48,0.12,0.32,0.53,0.41,0.51,0.19,0.41,0.5
dry_cats_and_dogs,TOV_KORMOTECH,СТМ (ТМ «Кожен день»),dogs,economy,sack,0,1 395.00,1 065.00,1 065.00,780,495,,,,,,,,,,,,,,,,,,,,,,,,,,0.7,0.53,0.53,0.39,0.25,,,,,,,,,,,,,,,,,,,,,,,,,,0.03,0.02,0.02,0.02,0.01,,,,,,,,,,,,,,,,,,,,,,,,,
dry_cats_and_dogs,TOV_KORMOTECH,CTM_CHYSTA_VYHODA,cats,economy,sack,0,24 956.00,8 228.00,18 921.00,10 948.00,8 313.00,10 438.00,19 686.00,6 885.00,17 799.00,7 837.00,13 379.00,10 948.00,9 112.00,7 582.00,7 616.00,,2 669.00,1 207.00,,,,,,,,,,,,,9.98,3.29,7.57,4.38,3.33,4.18,7.87,2.75,7.12,3.13,5.35,4.38,3.64,3.03,3.05,,1.07,0.48,,,,,,,,,,,,,0.47,0.17,0.41,0.24,0.18,0.23,0.43,0.15,0.39,0.17,0.31,0.25,0.21,0.18,0.19,,0.08,0.03,,,,,,,,,,,,
dry_cats_and_dogs,TOV_KORMOTECH,CTM_CHYSTA_VYHODA,dogs,economy,sack,0,5 517.00,1 740.00,5 127.00,3 336.00,1 392.00,5 064.00,3 453.00,3 189.00,1 818.00,3 978.00,2 886.00,2 793.00,3 120.00,3 072.00,3 918.00,,3 420.00,2 895.00,525,2 100.00,585,2 895.00,2 925.00,6 360.00,1 710.00,2 565.00,2 430.00,,,,4.12,2.1,4.45,3.18,1.61,4.5,3.34,3.14,1.95,3.65,2.65,2.5,1.64,2.39,2.67,,1.87,1.52,0.26,1.05,0.29,1.45,1.46,3.18,0.86,1.28,1.22,,,,0.15,0.08,0.19,0.14,0.07,0.19,0.14,0.13,0.08,0.16,0.12,0.11,0.08,0.11,0.13,,0.11,0.09,0.02,0.06,0.02,0.09,0.09,0.19,0.05,0.08,0.07,,,
dry_cats_and_dogs,TOV_KORMOTECH,СТМ (CROC PRO),dogs,economy,sack,1,231,1 122.00,429,693,1 782.00,792,594,1 056.00,,1 155.00,990,759,726,231,1 287.00,,1 056.00,,,858,99,960,,,2 000.00,,792,,597,,3.47,16.83,6.44,10.4,26.73,11.88,8.91,15.84,,17.33,14.85,11.39,10.89,3.47,19.31,,15.84,,,12.87,1.49,14.4,,,30,,11.88,,8.96,,0.09,0.44,0.16,0.27,0.69,0.3,0.22,0.38,,0.43,0.36,0.29,0.26,0.09,0.5,,0.44,,,0.43,0.05,0.54,,,1.21,,0.49,,0.36,
dry_cats_and_dogs,TOV_KORMOTECH,СТМ (KISSka),cats,economy,sack,1,630,260,575,200,25,182,374,550,825,293,24,240,248,10,237,280,320,181,,15,10,,134,360,4,160,42,,20,118,6.3,2.6,5.75,2,0.25,1.82,3.74,5.5,8.25,2.93,0.24,2.4,2.48,0.1,2.37,2.8,3.2,1.81,,0.15,0.1,,1.34,3.6,0.04,1.6,0.42,,0.2,1.18,0.21,0.08,0.18,0.06,0.01,0.06,0.12,0.17,0.25,0.08,0.01,0.07,0.08,0,0.07,0.08,0.09,0.1,,0,0,,0.05,0.13,0,0.06,0.01,,0.01,0.06
dry_cats_and_dogs,TOV_KORMOTECH,СТМ (Kitty Krunch),cats,economy,sack,1,2 185.00,2 033.00,190,1 273.00,1 482.00,1 045.00,1 311.00,1 653.00,2 831.00,3 857.00,418,2 679.00,1 653.00,2 318.00,285,3 059.00,969,,3 819.00,3 097.00,1 767.00,5 700.00,1 292.00,1 710.00,4 028.00,5 073.00,2 793.00,3 743.00,760,2 812.00,0.66,0.61,0.06,0.38,0.44,0.31,0.39,0.5,0.85,1.16,0.13,0.8,0.5,0.7,0.09,0.92,0.29,,1.15,0.93,0.53,1.71,0.39,0.51,1.21,1.52,0.84,1.12,0.23,0.84,0.02,0.02,0,0.01,0.01,0.01,0.01,0.01,0.02,0.04,0,0.02,0.02,0.02,0,0.03,0.01,,0.05,0.04,0.02,0.08,0.02,0.02,0.05,0.08,0.04,0.06,0.01,0.04
dry_cats_and_dogs,TOV_KORMOTECH,СТМ (Mr. Maks),dogs,economy,sack,1,1 725.00,184,1 943.00,813,1 055.00,510,1 092.00,1 226.00,1 921.00,906,210,439,420,150,40,160,40,120,236,142,70,103,115,191,120,718,,,,240,13.08,1.24,13.42,6.71,7.58,3.91,7.11,9.78,13.76,5.87,1.85,3.55,3.2,1.4,0.4,1.6,0.4,1.2,2.36,1.42,0.7,1.03,1.15,1.91,1.2,7.18,,,,2.4,0.19,0.02,0.2,0.1,0.11,0.06,0.1,0.13,0.19,0.09,0.03,0.06,0.06,0.02,0.01,0.03,0,0.01,0.04,0.03,0.01,0.02,0.02,0.04,0.02,0.14,,,,0.04
dry_cats_and_dogs,TOV_KORMOTECH,СТМ (СТМ),cats,economy,sack,0,22 504.00,4 699.00,12 291.00,9 002.00,10 769.00,11 844.00,8 706.00,10 662.00,11 995.00,18 953.00,19 365.00,9 656.00,10 293.00,20 107.00,9 446.00,9 593.00,10 657.00,10 335.00,9 232.00,10 673.00,11 561.00,13 754.00,7 205.00,3 352.00,15 172.00,7 251.00,10 153.00,5 648.00,9 072.00,7 240.00,20.31,5.68,12.63,10.05,10.18,12.37,10.41,12.62,13.53,20.68,20.35,13.72,14.38,16.89,10.08,11.52,12.43,12.99,9.84,13.47,11.95,16.46,6.73,1.35,14.3,9.99,15.67,6.16,10.04,9.35,0.85,0.27,0.61,0.48,0.5,0.6,0.5,0.61,0.65,1,1.04,0.7,0.73,0.89,0.53,0.67,0.73,0.76,0.58,0.77,0.73,1.02,0.43,0.1,0.91,0.61,0.95,0.42,0.71,0.65
dry_cats_and_dogs,TOV_KORMOTECH,СТМ (СТМ),dogs,economy,sack,1,,,381,,,,765,,,270,,,699,,,999,,,,,126,,,150,675,,,,,,,,0.39,,,,0.65,,,0.55,,,0.75,,,1.5,,,,,0.19,,,0.08,0.34,,,,,,,,0.01,,,,0.01,,,0.01,,,0.02,,,0.03,,,,,0,,,0,0.01,,,,,
dry_cats_and_dogs,TOV_KORMOTECH,СТМ (СТМ),dogs,economy,sack,0,8 115.00,7 896.00,9 183.00,6 344.00,7 628.00,6 402.00,6 065.00,12 979.00,5 568.00,7 990.00,9 321.00,12 340.00,4 767.00,4 376.00,9 729.00,10 614.00,1 976.00,2 342.00,2 418.00,7 561.00,8 231.00,7 124.00,1 062.00,5 504.00,8 266.00,3 947.00,3 706.00,2 378.00,4 861.00,6 869.00,25.04,25.89,30.98,26.58,23.65,23.82,21.67,35.62,28.04,32.09,32.07,30.85,30.86,21.01,31.27,28.5,8.44,10.81,11.7,28.79,29.69,40.5,8.01,25.16,49.29,24.94,17.02,12.54,22.9,32.42,0.76,0.85,1.12,0.98,0.84,0.86,0.77,1.29,0.99,1.17,1.19,1.21,1.17,0.83,1.38,1.36,0.39,0.51,0.56,1.33,1.26,1.86,0.37,1.28,2.46,1.18,0.83,0.6,1.11,1.72
dry_cats_and_dogs,TOV_KORMOTECH,СТМ (Таврія),dogs,economy,sack,0,447,345,551,555,819,420,447,607,553,526,815,489,526,686,1 261.00,505,327,108,636,607,842,289,994,1 037.00,370,1 108.00,399,765,956,1 141.00,3.53,2.13,4.57,3.85,5.73,3.44,3.53,4.37,4.21,4.13,6.45,3.65,4.13,4.97,7.86,2.97,2.14,0.32,4.09,4.37,6.53,2.32,6.03,6.02,2.57,8.06,2.29,5.57,5.78,7.06,0.1,0.07,0.14,0.12,0.18,0.1,0.11,0.13,0.13,0.12,0.2,0.12,0.14,0.18,0.29,0.11,0.09,0.01,0.17,0.16,0.26,0.1,0.28,0.28,0.12,0.36,0.11,0.25,0.27,0.32
dry_cats_and_dogs,TOV_KORMOTECH,"СТМ (ТМ ""Easy&Good"")",cats,economy,sack,1,1 309.00,,10 098.00,9 180.00,5 508.00,,8 245.00,,5 457.00,9 486.00,,7 633.00,2 720.00,,,,,,,,,,,,,,,,,,0.52,,4.04,3.67,2.2,,3.3,,2.18,3.79,,3.05,1.09,,,,,,,,,,,,,,,,,,0.01,,0.09,0.08,0.05,,0.07,,0.05,0.08,,0.06,0.02,,,,,,,,,,,,,,,,,
dry_cats_and_dogs,TOV_KORMOTECH,"СТМ (ТМ ""Easy&Good"")",dogs,economy,sack,1,249,,726,324,324,,,,162,537,,,60,,,,,,,,,,,,,,,,,,0.75,,2.18,0.97,0.97,,,,0.49,1.61,,,0.18,,,,,,,,,,,,,,,,,,0.01,,0.03,0.01,0.01,,,,0.01,0.02,,,0,,,,,,,,,,,,,,,,,
dry_cats_and_dogs,TOV_KORMOTECH,СТМ (TM Kika),cats,economy,sack,1,,,,,,,,,,,,,,,,,,,,,,,,,,,,,,,17.6,,,,15.2,,13.6,,,,18.4,,,17.6,18.4,,,,,,16,14.4,,,11.2,,,16,,,0.27,,,,0.24,,0.23,,,,0.32,,,0.35,0.39,,,,,,0.45,0.43,,,0.34,,,0.53,,
dry_cats_and_dogs,TOV_KORMOTECH,СТМ (TM Reks),dogs,economy,sack,1,,,,,,,,,,,,,,,,,,,,,,70,,,104,,,,,,0.8,,,,2.4,,3.2,,,,,,,1.6,1.6,,,,,,1.6,2.3,,,3.44,,,1.6,,,0.01,,,,0.04,,0.05,,,,,,,0.03,0.03,,,,,,0.05,0.07,,,0.1,,,0.05,,
dry_cats_and_dogs,TOV_KORMOTECH,СТМ (Bony CAT),cats,economy,sack,1,,,,,,,,,,,,,,,,,,,,,,,,,,,,,,,,,,,,,,,,,,,,,,,,,,,,,,,3.2,9.6,8,,,11.2,,,,,,,,,,,,,,,,,,,,,,,,,0.09,0.26,0.22,,,0.32
dry_cats_and_dogs,TOV_KORMOTECH,СТМ (TIP TOP),cats,economy,sack,1,,,,,,,,,,,,,,,,,,,,,,,,,,,,,,,20,,20,,,,,,15.2,8.8,20,,,,18.4,0.8,,,20,,20,,,,16.8,10.4,12,,,8.8,0.3,,0.29,,,,,,0.22,0.13,0.28,,,,0.34,0.01,,,0.33,,0.5,,,,0.46,0.28,0.33,,,0.25
dry_cats_and_dogs,TOV_KORMOTECH,СТМ (My Love),cats,economy,sack,1,,,,,,,,,,,,,,,,,,,,,,,,,,14 742.00,9 387.00,13 923.00,28 098.00,8 148.00,,,,,,,,,,,,,,,,,,,,,,,,,,4.42,2.82,4.18,8.43,2.44,,,,,,,,,,,,,,,,,,,,,,,,,,0.15,0.1,0.15,0.36,0.11
dry_cats_and_dogs,TOV_KORMOTECH,СТМ (My Love),dogs,economy,sack,1,,,,,,,,,,,,,,,,,,,,,,,,,,,,,316,224,,,,,,,,,,,,,,,,,,,,,,,,,,,,,3.16,2.24,,,,,,,,,,,,,,,,,,,,,,,,,,,,,0.06,0.06
dry_cats_and_dogs,TOV_KORMOTECH,СТМ (Truffy nutrition),dogs,economy,sack,1,,,,,,,,,,,,,,,,,,2 652.00,234,,,1 640.00,,,,360,680,1 960.00,,3 000.00,,,,,,,,,,,,,,,,,,39.78,3.51,,,24.6,,,,5.4,10.2,29.4,,45,,,,,,,,,,,,,,,,,,1.33,0.11,,,0.97,,,,0.26,0.49,1.43,,2.15
dry_cats_and_dogs,TOV_KORMOTECH,СТМ (Abaron),dogs,economy,sack,1,448,,,,448,,,448,,,,,,,832,,,,,,,1 716.00,,,,,,,,,5.38,,,,5.38,,,5.38,,,,,,,9.98,,,,,,,20.59,,,,,,,,,0.24,,,,0.24,,,0.22,,,,,,,0.45,,,,,,,0.96,,,,,,,,
dry_cats_and_dogs,TOV_KORMOTECH,СТМ (Dr. Trend),dogs,economy,sack,1,,,,,,,,,,,,,,,,,,,,,,,,,,,1 440.00,265,,1 440.00,,,,,,,,,,,,,,,,,,,,,,,,,,,21.6,3.98,,21.6,,,,,,,,,,,,,,,,,,,,,,,,,,,1.2,0.24,,1.19
dry_cats_and_dogs,TOV_KORMOTECH,"СТМ (ТМ ""Clever"")",cats,economy,sack,0,986,629,,,,,,,,,,,,,,,,,,,,,,,,,,,,,0.39,0.25,,,,,,,,,,,,,,,,,,,,,,,,,,,,,0.02,0.01,,,,,,,,,,,,,,,,,,,,,,,,,,,,
dry_cats_and_dogs,TOV_KORMOTECH,"СТМ (ТМ ""Clever"")",dogs,economy,sack,0,1 173.00,474,,,,,,,,,,,,,,,,,,,,,,,,,,,,,1.1,0.47,,,,,,,,,,,,,,,,,,,,,,,,,,,,,0.05,0.02,,,,,,,,,,,,,,,,,,,,,,,,,,,,
dry_cats_and_dogs,TOV_KORMOTECH,"СТМ (ТМ ""KandiKat"")",cats,economy,sack,1,,,510,,,,,,,,,,,,,,,,,,,,,,,,,,,,,,0.2,,,,,,,,,,,,,,,,,,,,,,,,,,,,,,0.01,,,,,,,,,,,,,,,,,,,,,,,,,,,
dry_cats_and_dogs,TOV_KORMOTECH,"СТМ (ТМ ""KandiKat"")",cats,economy,sack,0,8 047.00,8 922.00,9 590.00,7 697.00,2 108.00,4 828.00,,,,,,,,,,,,,,,,,,,,,,,,,9.02,10.97,9.82,7.74,0.84,1.93,,,,,,,,,,,,,,,,,,,,,,,,,0.41,0.53,0.51,0.4,0.05,0.12,,,,,,,,,,,,,,,,,,,,,,,,
dry_cats_and_dogs,TOV_KORMOTECH,"СТМ (ТМ ""Чиста ВигоДа!"")",cats,economy,sack,0,,,,,,,,,,,,,,,,,,,,,,,,,,,,,,,0.02,0.03,,0.06,0.02,0.01,0.08,0.36,,,,,,,,,,,,,,,,,,,,,,,0,0,,0,0,0,0,0.02,,,,,,,,,,,,,,,,,,,,,,
dry_cats_and_dogs,TOV_KORMOTECH,CTM_KOTIK_OFF,cats,economy,sack,0,1 972.00,,,,7 582.00,4 420.00,3 400.00,,,,,,,,,,,,,,,,,,,,,,,,0.79,,,,3.03,1.77,1.36,,,,,,,,,,,,,,,,,,,,,,,,0.04,,,,0.18,0.11,0.08,,,,,,,,,,,,,,,,,,,,,,,
dry_cats_and_dogs,TOV_KORMOTECH,СТМ (Гемона),dogs,economy,sack,1,,1 838.00,,226,1 047.00,,,,,,,,,,,,,,,,,,,,,,,,,,,18.38,,2.26,10.47,,,,,,,,,,,,,,,,,,,,,,,,,,,0.23,,0.03,0.13,,,,,,,,,,,,,,,,,,,,,,,,,
dry_cats_and_dogs,TOV_KORMOTECH,СТМ (Dr Trend),cats,economy,sack,1,,,,,,,,,,,,,,,,,,,,,,,,,,,,,,440,,,,,,,,,,,,,,,,,,,,,,,,,,,,,,6.6,,,,,,,,,,,,,,,,,,,,,,,,,,,,,,0.41
dry_cats_and_dogs,PP_Hal_Euro_Contract,Leopold,cats,economy,pack,0,156,358,366,114,,90,102,,78,48,156,,,,,,,792,,,,,240,,,,,,,,0.05,0.11,0.11,0.03,,0.03,0.03,,0.02,0.01,0.05,,,,,,,0.24,,,,,0.07,,,,,,,,0,0.01,0.01,0,,0,0,,0,0,0,,,,,,,0.02,,,,,0.01,,,,,,,
dry_cats_and_dogs,TOV_HARCHOVI_TECH_ZAKARPATYA,Miss_Kiss,cats,economy,sack,0,755,5 399.00,4 290.00,,2 174.00,871,2 615.00,440,1 541.00,2 945.00,1 001.00,3 718.00,,80,2 741.00,,1 141.00,,187,170,500,140,340,583,1 120.00,,2 620.00,286,,840,7.55,53.99,42.9,,21.74,8.71,26.15,4.4,15.41,29.45,10.01,37.18,,0.8,27.41,,11.41,,1.87,1.7,5,1.4,3.4,5.83,11.2,,26.2,2.86,,8.4,0.38,2.72,2.16,,1.09,0.44,1.32,0.22,0.78,1.49,0.5,1.88,,0.04,1.46,,0.7,,0.11,0.11,0.31,0.08,0.2,0.35,0.67,,1.76,0.19,,0.55
dry_cats_and_dogs,TOV_HARCHOVI_TECH_ZAKARPATYA,Pan_Kit,cats,economy,sack,1,400,1 472.00,2 838.00,,,2 878.00,,,3 656.00,,1 900.00,2 170.00,,5 019.84,50,764,23,1 944.00,3 296.00,384,4 480.00,5 120.00,4 384.00,3 776.00,3 136.00,3 456.00,19 552.00,2 304.00,8 352.00,6 854.00,2.08,14.72,28.38,,,27.82,,,36.56,,19,21.7,,50.2,0.5,7.64,0.04,8.69,22.21,3.84,23.3,51.2,33.09,37.76,31.36,34.56,23.49,23.04,51.26,14.78,0.05,0.32,0.64,,,0.62,,,0.76,,0.41,0.45,,1.06,0.01,0.18,0,0.2,0.49,0.08,0.52,1.35,0.9,1.12,0.64,1.09,0.95,0.83,1.92,0.56
dry_cats_and_dogs,TOV_HARCHOVI_TECH_ZAKARPATYA,Pan_Kit,cats,economy,sack,0,13 004.09,20 400.00,11 038.00,15 944.00,14 307.00,14 415.00,12 850.00,17 485.00,16 797.10,16 212.00,22 303.00,19 621.00,18 302.00,15 951.00,40 733.00,77 396.00,76 981.00,67 018.90,27 503.00,43 646.00,61 015.00,47 553.00,55 972.23,36 668.77,22 178.00,61 349.00,76 596.42,62 130.58,45 496.00,40 547.46,61.3,125.74,90.6,136.26,94.47,97.31,89.33,125.5,132.93,108.55,130.59,156.5,110.06,106.5,225.11,227.46,155.63,227.74,177.52,160.94,251.24,243.17,245.93,148.98,103.12,261.94,374.48,291.12,215.62,132.21,2.85,6.09,4.41,6.65,4.62,4.75,4.36,6.12,6.47,5.3,6.41,7.62,5.38,5.2,11.12,12.27,9.29,13.14,10.04,9.31,14.4,13.85,14.12,8.62,5.93,16.32,23.65,18.36,13.59,8.46
dry_cats_and_dogs,TOV_HARCHOVI_TECH_ZAKARPATYA,CarpathianPetFood,cats,middle,sack,1,36,,810,,,1 308.00,,,,,,210,,,72,954,54,384,335,48,432,265,156,300,6 480.00,48,3 092.00,48,96,2 784.00,0.05,,1.22,,,1.96,,,,,,0.32,,,0.11,1.43,0.14,4.61,2.38,0.58,1.66,2.42,1.24,3.6,24.84,0.58,6.99,0.58,1.15,8.71,0,,0.08,,,0.12,,,,,,0.02,,,0.01,0.09,0.01,0.21,0.11,0.03,0.08,0.13,0.07,0.22,1.61,0.03,0.48,0.03,0.07,0.58
dry_cats_and_dogs,TOV_HARCHOVI_TECH_ZAKARPATYA,CarpathianPetFood,cats,middle,sack,0,,36,150,152,108,312,90,120,120,174,114,192,72,108,3 180.00,3 816.00,3 852.00,1 964.00,1 118.00,3 265.00,2 096.00,1 658.00,5 600.00,2 779.00,1 767.00,3 066.00,3 100.00,2 453.00,1 935.00,1 550.00,,0.05,0.23,0.23,0.16,0.47,0.14,0.18,0.18,0.26,0.17,0.29,0.11,0.16,4.77,5.72,5.78,3.14,1.69,5.79,4.68,2.87,9.38,4.85,2.75,4.74,6.81,4.36,6.15,3.42,,0,0.02,0.02,0.01,0.04,0.01,0.01,0.01,0.02,0.01,0.03,0.01,0.02,0.55,0.71,0.74,0.38,0.21,0.72,0.53,0.36,1.19,0.63,0.37,0.62,0.85,0.57,0.71,0.44
dry_cats_and_dogs,TOV_HARCHOVI_TECH_ZAKARPATYA,CarpathianPetFood,dogs,middle,sack,1,,,450,,,558,,,,,,90,,,72,507,51,288,274,264,96,344,426,312,1 056.00,192,129,48,192,408,,,1.35,,,1.67,,,,,,0.27,,,0.22,1.52,0.21,3.46,2.48,1.66,1.15,3.94,3.87,3.74,7.06,2.3,0.85,0.58,2.3,3.38,,,0.08,,,0.09,,,,,,0.01,,,0.01,0.09,0.01,0.14,0.11,0.07,0.05,0.19,0.2,0.2,0.41,0.12,0.05,0.03,0.14,0.2
dry_cats_and_dogs,TOV_HARCHOVI_TECH_ZAKARPATYA,CarpathianPetFood,dogs,middle,sack,0,,,24,97,21,42,33,42,39,66,33,42,18,36,2 592.00,2 337.00,631,259,270,898,676,333,1 586.00,911,513,473,799,967,937,581,,,0.07,0.29,0.06,0.13,0.1,0.13,0.12,0.2,0.1,0.13,0.05,0.11,7.78,7.01,1.89,1.03,0.92,4.97,3.47,1.5,8.48,5.18,2.54,3.1,4.51,5.29,6.41,3.41,,,0.01,0.02,0,0.01,0.01,0.01,0.01,0.01,0.01,0.01,0,0.01,0.81,0.76,0.23,0.1,0.1,0.5,0.31,0.15,0.89,0.54,0.28,0.32,0.46,0.54,0.57,0.37
dry_cats_and_dogs,TOV_HARCHOVI_TECH_ZAKARPATYA,Mister_Hav,dogs,economy,sack,0,,180,25,,45,,15,10,45,20,30,,,,1 488.00,,,,,,15,,,,,,,,,,,1.8,0.25,,0.45,,0.15,0.1,0.45,0.2,0.3,,,,14.88,,,,,,0.15,,,,,,,,,,,0.09,0.01,,0.02,,0.01,0,0.02,0.01,0.01,,,,0.76,,,,,,0.01,,,,,,,,,
dry_cats_and_dogs,TOV_HARCHOVI_TECH_ZAKARPATYA,Pan_Pes,dogs,economy,sack,1,225,640,100,450,,466,,,436,,280,375,,1 354.04,50,580,3,612,1 152.00,64,2 432.00,1 920.00,1 728.00,768,2 240.00,896,1 120.00,832,1 664.00,576,2.25,6.4,1,4.5,,4.66,,,4.36,,2.8,3.75,,13.54,0.5,5.8,0.03,6.12,11.52,0.64,24.32,19.2,17.28,7.68,22.4,8.96,11.2,8.32,16.64,5.76,0.05,0.13,0.02,0.1,,0.09,,,0.08,,0.05,0.07,,0.26,0.01,0.14,0,0.14,0.27,0.02,0.55,0.5,0.44,0.24,0.56,0.29,0.41,0.31,0.62,0.21
dry_cats_and_dogs,TOV_HARCHOVI_TECH_ZAKARPATYA,Pan_Pes,dogs,economy,sack,0,4 331.24,6 287.00,7 263.00,6 448.00,3 426.00,5 221.03,6 008.00,7 289.00,7 552.30,5 758.00,6 804.00,7 621.00,7 214.00,8 176.00,16 250.00,11 957.00,7 715.86,3 819.00,3 488.00,4 465.00,6 614.00,8 161.00,11 015.00,5 274.00,4 778.00,10 110.00,13 518.00,12 215.10,8 956.00,3 652.00,43.31,62.87,72.63,64.48,34.26,52.21,60.08,72.89,75.52,57.58,68.04,76.21,72.14,81.76,162.5,119.57,77.16,38.19,34.88,44.65,66.14,81.61,110.15,52.74,47.78,101.1,135.18,122.15,89.56,36.52,1.83,2.89,3.35,2.99,1.58,2.42,2.77,3.34,3.47,2.64,3.11,3.49,3.32,3.78,7.5,6.01,4.11,2.02,1.82,2.39,3.52,4.29,5.86,2.85,2.54,5.81,8.05,7.23,5.3,2.21
dry_cats_and_dogs,TOV_HARCHOVI_TECH_ZAKARPATYA,My_family,dogs,middle,sack,0,46,105,78,70,49,60,75,32,54,23,62,,32,24,,,,,,,,,,,,,,,,,0.55,1.25,0.92,0.84,0.59,0.72,0.9,0.37,0.64,0.27,0.74,,0.38,0.28,,,,,,,,,,,,,,,,,0.02,0.07,0.05,0.04,0.03,0.04,0.05,0.02,0.03,0.01,0.04,,0.02,0.01,,,,,,,,,,,,,,,,
dry_cats_and_dogs,TOV_HARCHOVI_TECH_ZAKARPATYA,Yam_Shi,cats,middle,sack,1,,,40,,,,,,260,,60,150,,,,,,,,,,,,,,,,,,,,,0.4,,,,,,2.6,,0.6,1.5,,,,,,,,,,,,,,,,,,,,,0.01,,,,,,0.05,,0.01,0.03,,,,,,,,,,,,,,,,,,
dry_cats_and_dogs,TOV_PTF_TECHNO,Home_Food,cats,premium,sack,0,6 674.59,6 218.00,4 892.61,6 938.42,5 354.90,5 981.21,5 299.44,4 850.23,5 976.52,7 668.79,8 983.88,14 122.10,7 286.10,6 176.94,872.06,2 664.13,6 875.20,8 689.95,5 679.12,6 198.66,10 055.99,7 531.42,9 878.67,4 601.10,5 789.13,8 291.59,9 549.82,8 566.31,10 535.24,10 188.12,15.69,15.28,11.21,15.08,12.76,14.77,13.95,12.61,16.74,21.91,28.5,36.9,15.16,15.96,4.21,6.67,17.47,31.52,12.99,11.44,28.5,24.48,19.97,9.3,14.25,23.84,25.34,26.42,28.53,29.16,1.62,1.74,1.31,1.8,1.41,1.69,1.63,1.48,1.87,2.58,3.24,4.25,1.8,1.77,0.4,1.03,2.83,4.17,1.92,1.73,4.2,4.05,3.43,1.72,2.62,4.35,4.48,4.77,5.53,5.76
dry_cats_and_dogs,TOV_PTF_TECHNO,Home_Food,dogs,premium,sack,0,4 932.00,3 446.87,5 084.23,6 156.06,4 722.05,6 050.69,4 439.99,5 677.11,5 175.90,7 010.13,6 775.87,10 722.38,7 156.78,4 748.14,624,2 611.00,5 413.53,4 879.83,5 020.30,4 657.70,7 440.93,4 769.80,6 487.59,3 153.99,4 599.70,6 033.79,6 296.15,7 789.99,7 407.10,7 641.11,19.6,13.55,19.55,23.54,16.35,22.18,18.06,21.11,19.35,30.06,29.23,45.69,24.72,21.05,4.75,12.42,20.69,20.66,23.23,16.47,32.72,22.58,25.03,13.19,20.08,28.78,29.22,38.5,32.63,36.01,1.68,1.44,1.83,2.34,1.56,2.22,1.69,2,1.85,2.95,2.82,4.35,2.51,1.82,0.36,1.34,2.72,2.6,2.84,2.01,4.31,3.2,3.56,1.96,3.07,4.3,4.25,5.81,5.18,5.68
dry_cats_and_dogs,TOV_PTF_TECHNO,Ситий Пес,dogs,premium,sack,0,4,4,3,3,2,3,1,1,1,3,4,,3,,,,,6,243,14,79,53,74,35,42,161,15,33,28,18,0.04,0.04,0.03,0.03,0.02,0.03,0.01,0.01,0.01,0.03,0.03,,0.03,,,,,0.01,2.26,0.11,0.73,0.43,0.71,0.22,0.26,1.39,0.12,0.29,0.26,0.18,0,0,0,0,0,0,0,0,0,0,0,,0,,,,,0,0.23,0.01,0.08,0.03,0.06,0.02,0.02,0.14,0.01,0.03,0.03,0.02
dry_cats_and_dogs,TOV_PTF_TECHNO,Ситий Кіт,cats,premium,sack,0,0.3,0.3,0.1,,0.2,,,,3,3.3,,0.3,,,,,,7.5,20.4,21.3,20,63,101,59,62,105,51,51,22,51,0,0,0,,0,,,,0,0.01,,0,,,,,,0.01,0.03,0.11,0.1,0.4,0.67,0.17,0.31,0.51,0.09,0.2,0.1,0.18,0,0,0,,0,,,,0,0,,0,,,,,,0,0.01,0.02,0.01,0.04,0.06,0.02,0.03,0.05,0.01,0.02,0.01,0.02
treats,TOV_KORMOTECH,CLUB_4_PAWS,cats,middle,pack,1,2 100.00,13 400.00,39 300.00,9 600.00,7 900.00,12 700.00,13 700.00,7 500.00,26 400.00,15 650.00,32 000.00,23 750.00,49 000.00,6 750.00,15 150.00,7 050.00,4 500.00,6 500.00,4 000.00,7 000.00,10 000.00,1 000.00,15 000.00,500,6 400.00,7 400.00,6 100.00,5 200.00,12 000.00,3 100.00,0.01,0.07,0.2,0.05,0.04,0.06,0.07,0.04,0.13,0.08,0.16,0.12,0.25,0.03,0.08,0.04,0.02,0.03,0.02,0.04,0.05,0.01,0.08,0,0.03,0.04,0.03,0.03,0.06,0.02,0.01,0.05,0.15,0.04,0.03,0.05,0.05,0.03,0.09,0.06,0.13,0.09,0.22,0.03,0.06,0.03,0.02,0.03,0.02,0.03,0.04,0,0.07,0,0.03,0.04,0.03,0.03,0.07,0.02
treats,TOV_KORMOTECH,CLUB_4_PAWS,cats,middle,pack,0,173 735.00,163 860.00,194 740.00,233 920.00,248 250.00,204 195.00,230 767.00,233 380.00,305 740.00,416 100.00,429 400.00,344 350.00,388 400.00,387 200.00,348 470.00,289 400.00,251 750.00,288 350.00,288 257.00,288 300.00,412 950.00,309 805.00,719 300.00,693 433.00,496 450.00,591 100.00,717 500.00,648 100.00,642 950.00,858 700.00,0.87,0.82,0.97,1.17,1.24,1.02,1.15,1.17,1.53,2.08,2.15,1.72,1.94,1.94,1.74,1.45,1.26,1.44,1.44,1.44,2.06,1.55,3.6,3.47,2.48,2.96,3.59,3.24,3.21,4.29,1.76,1.61,1.91,2.27,2.24,1.93,2.23,2.26,3.14,4.51,4.65,3.75,4.54,4.5,5.46,4.43,3.33,3.33,3.12,3.45,4.6,3.44,7.79,8.86,5.98,7.19,8.86,8.1,8.04,11.21
treats,TOV_KORMOTECH,CLUB_4_PAWS,dogs,middle,pack,1,5 040.00,8 204.00,3 444.00,2 932.00,3 190.00,2 990.00,3 244.00,600,17 298.00,6 996.00,4 254.00,5 622.00,17 020.00,2 036.00,2 900.00,800,356,844,542,1 182.00,772,374,1 098.00,200,454,1 060.00,1 468.00,1 800.00,2 130.00,1 000.00,0.06,0.44,0.08,0.15,0.22,0.14,0.06,0.01,0.69,0.49,0.12,0.12,0.38,0.13,0.12,0.01,0.01,0.01,0.02,0.03,0.02,0.02,0.04,0,0.01,0.03,0.08,0.09,0.05,0.03,0.04,0.1,0.03,0.03,0.04,0.03,0.03,0,0.18,0.09,0.04,0.05,0.15,0.02,0.03,0.01,0,0.01,0,0.01,0.01,0,0.01,0,0,0.01,0.02,0.02,0.02,0.01
treats,TOV_KORMOTECH,CLUB_4_PAWS,dogs,middle,pack,0,47 429.00,43 624.00,45 034.00,56 100.00,58 794.00,53 292.00,55 080.00,59 785.00,63 424.00,78 562.00,63 322.00,63 158.00,68 561.00,46 282.00,22 140.00,47 183.00,80 932.00,91 538.00,79 496.00,45 102.00,117 440.00,83 020.00,83 434.00,119 232.00,47 398.00,93 149.00,118 598.00,95 384.00,96 664.00,144 884.00,1.29,1.05,1.42,1.43,1.69,1.18,1.27,1.48,1.66,1.92,1.89,1.86,1.95,1.1,0.72,1.93,2.29,2.6,2.42,2.08,3.28,2.82,2.72,4.1,2.68,2.29,3.83,2.76,2.98,3.53,0.87,0.77,0.88,1.04,1.05,0.89,0.95,1.03,1.09,1.39,1.18,1.17,1.26,0.84,0.46,1.28,1.75,1.82,1.64,1.17,2.35,1.86,1.82,2.69,1.41,1.88,2.65,2.06,2.2,2.92
treats,PP_Hal_Euro_Contract,No_brand,cats,economy,pack,0,,,,,,,48,,,,,,,,,,,,,,,,,,,,,,,,,,,,,,0,,,,,,,,,,,,,,,,,,,,,,,,,,,,,,0,,,,,,,,,,,,,,,,,,,,,,,
treats,PP_Hal_Euro_Contract,No_brand,dogs,economy,pack,0,290,507,861,195,150,155,375,168,645,199,412,246,465,3 840.00,70,,775,340,770,2 720.00,2 145.00,1 040.00,240,2 620.00,1 270.00,1 875.00,1 760.00,1 065.00,1 355.00,2 190.00,0.04,0.05,0.08,0.02,0.02,0.01,0.04,0.02,0.08,0.03,0.06,0.05,0.09,0.3,0.01,,0.08,0.05,0.13,0.35,0.31,0.14,0.03,0.31,0.14,0.23,0.24,0.15,0.15,0.22,0.01,0.01,0.03,0,0,0,0.01,0.01,0.02,0.01,0.01,0.02,0.02,0.23,0,,0.04,0.02,0.06,0.16,0.13,0.06,0.01,0.17,0.08,0.12,0.12,0.07,0.07,0.12
treats,PP_Hal_Euro_Contract,No_brand,dogs,N/A,pack,0,228,,,,,,,,,,,,,,,,,,,,,,,,,,,,,,0.02,,,,,,,,,,,,,,,,,,,,,,,,,,,,,,0.01,,,,,,,,,,,,,,,,,,,,,,,,,,,,,
treats,TOV_PTF_TECHNO,Home_Food,cats,premium,plastic_jar,0,,,,,,,,,,,,,,,,,,,,,,,,,,,,32,160.02,203,,,,,,,,,,,,,,,,,,,,,,,,,,,,0,0.02,0.02,,,,,,,,,,,,,,,,,,,,,,,,,,,,0,0.01,0.01
treats,TOV_PTF_TECHNO,Home_Food,cats,premium,bucket,0,13,9,2,12,,,,,,,,,,,,,,,,,5,,,,,,,,,,0,0,0,0,,,,,,,,,,,,,,,,,0,,,,,,,,,,0,0,0,0,,,,,,,,,,,,,,,,,0,,,,,,,,,
treats,TOV_PTF_TECHNO,Home_Food,cats,premium,pack,0,256,142.03,89.32,228,167.8,167.66,163,161,134,216,208,139,121,934,,34,117,164,135,158,270,176,291,175,302,210,190,256,437.05,584,0.01,0.01,0.01,0.01,0.01,0.01,0.01,0.01,0.01,0.01,0.01,0.01,0.01,0.05,,0,0.01,0.01,0.01,0.01,0.01,0.01,0.01,0.01,0.01,0.01,0.01,0.01,0.02,0.02,0.01,0.01,0.01,0.01,0.01,0.01,0.01,0.01,0,0.01,0.01,0,0,0.01,,0,0,0.01,0.01,0.01,0.01,0.01,0.01,0.01,0.01,0.01,0.01,0.01,0.02,0.03
treats,TOV_PTF_TECHNO,Home_Food,dogs,premium,plastic_jar,0,,,,,,,,,,,,,,,,,,,,,,,,,,,,54,204,282,,,,,,,,,,,,,,,,,,,,,,,,,,,,0.01,0.02,0.03,,,,,,,,,,,,,,,,,,,,,,,,,,,,0,0.01,0.02
treats,TOV_PTF_TECHNO,Home_Food,dogs,premium,bucket,0,71,17,20,14,1,,,,,,,,,,,,,3,,,5,2,,,,,,,,,0.03,0.01,0.01,0.01,0,,,,,,,,,,,,,0,,,0,0,,,,,,,,,0.01,0.01,0.01,0,0,,,,,,,,,,,,,0,,,0,0,,,,,,,,
treats,TOV_PTF_TECHNO,Home_Food,dogs,premium,pack,0,519,485.92,601.41,691.01,361.97,407.81,425,618.03,582,602,681,703,560,1 573.00,10,68,614,962,650,714,1 126.00,953,1 238.38,771.5,944.5,922,1 053.60,951,1 500.42,1 311.00,0.12,0.13,0.14,0.14,0.05,0.05,0.05,0.09,0.08,0.1,0.09,0.09,0.08,0.16,0,0.01,0.06,0.09,0.06,0.07,0.11,0.07,0.1,0.06,0.07,0.07,0.08,0.07,0.12,0.11,0.05,0.06,0.07,0.07,0.03,0.02,0.03,0.04,0.04,0.05,0.05,0.05,0.04,0.04,0,0,0.04,0.06,0.04,0.04,0.07,0.05,0.08,0.05,0.06,0.06,0.08,0.07,0.09,0.11
treats,TOV_PTF_TECHNO,Home_Food,cats_and_dogs,premium,pack,0,,,,,,,,,,,,,,,,,,,,,,52,109,23,37,32,31,42,24,55,,,,,,,,,,,,,,,,,,,,,,0,0,0,0,0,0,0,0,0,,,,,,,,,,,,,,,,,,,,,,0,0.01,0,0,0,0,0,0,0.01
fillers,PP_Hal_Euro_Contract,No_brand,cats,economy,sack,0,,,,,,,,,,,,,,,,,977,,,140,,,,,,,,,115,,,,,,,,,,,,,,,,,,14.66,,,2.1,,,,,,,,,1.73,,,,,,,,,,,,,,,,,,0.24,,,0.03,,,,,,,,,0.04,
veterinary_medicine,TOV_BORYSFEND_TRADE,Palladium,cats,N/A,N/A,0,,,,,,,,,,,,,,,,,,,,,700,,,,,,,,,,,,,,,,,,,,,,,,,,,,,,0,,,,,,,,,,,,,,,,,,,,,,,,,,,,,,0.04,,,,,,,,,
veterinary_medicine,TOV_BORYSFEND_TRADE,Palladium,dogs,N/A,N/A,0,,,,,,,,,,,,,,,,,,,,,2 399.93,174.44,154.44,20,,,,,,,,,,,,,,,,,,,,,,,,,,,0,0,0,0,,,,,,,,,,,,,,,,,,,,,,,,,,,0.17,0.01,0.01,0,,,,,,
veterinary_medicine,TOV_BORYSFEND_TRADE,Palladium,cats_and_dogs,N/A,N/A,0,,,,,,,,,,,,,,,,,,,,,289.99,10,10,,,,,,,,,,,,,,,,,,,,,,,,,,,,0,0,0,,,,,,,,,,,,,,,,,,,,,,,,,,,,0.02,0,0,,,,,,,
veterinary_medicine,TOV_BORYSFEND_TRADE,Pet_Line_THE_ONE,cats,N/A,N/A,0,,,,,,,,,,,,,,,,,,,,,300.01,,,,,,,,,,,,,,,,,,,,,,,,,,,,,,0,,,,,,,,,,,,,,,,,,,,,,,,,,,,,,0.02,,,,,,,,,
veterinary_medicine,TOV_BORYSFEND_TRADE,Pet_Line_THE_ONE,dogs,N/A,N/A,0,,,,,,,,,,,,,,,,,,,,,699.99,,,,,,,,,,,,,,,,,,,,,,,,,,,,,,0,,,,,,,,,,,,,,,,,,,,,,,,,,,,,,0.05,,,,,,,,,
veterinary_medicine,TOV_BORYSFEND_TRADE,Superium,cats,N/A,N/A,0,,,,,,,,,,,,,,,,,,,,,150,,,,,,,,,,,,,,,,,,,,,,,,,,,,,,0,,,,,,,,,,,,,,,,,,,,,,,,,,,,,,0.01,,,,,,,,,
veterinary_medicine,TOV_BORYSFEND_TRADE,Superium,dogs,N/A,N/A,0,,,,,,,,,,,,,,,,,,,,,249.99,,,,,,,,,,,,,,,,,,,,,,,,,,,,,,0,,,,,,,,,,,,,,,,,,,,,,,,,,,,,,0.03,,,,,,,,,
veterinary_medicine,TOV_BORYSFEND_TRADE,Superium,cats_and_dogs,N/A,N/A,0,,,,,,,,,,,,,,,,,,,,,199.99,,,,,,,,,,,,,,,,,,,,,,,,,,,,,,0,,,,,,,,,,,,,,,,,,,,,,,,,,,,,,0.02,,,,,,,,,
veterinary_medicine,TOV_BORYSFEND_TRADE,SUPERIUM,dogs,N/A,N/A,0,,,,,,,,,,,,,,,,,,,,,50,,,,,,,,,,,,,,,,,,,,,,,,,,,,,,0,,,,,,,,,,,,,,,,,,,,,,,,,,,,,,0,,,,,,,,,
veterinary_medicine,TOV_BORYSFEND_TRADE,BIOSTIM_4,cats,N/A,N/A,0,,,,,,,,,,,,,,,,,,,,,10,,,,,,,,,,,,,,,,,,,,,,,,,,,,,,0,,,,,,,,,,,,,,,,,,,,,,,,,,,,,,0,,,,,,,,,
veterinary_medicine,TOV_BORYSFEND_TRADE,BIOSTIM_4,dogs,N/A,N/A,0,,,,,,,,,,,,,,,,,,,,,8,,,,,,,,,,,,,,,,,,,,,,,,,,,,,,0,,,,,,,,,,,,,,,,,,,,,,,,,,,,,,0,,,,,,,,,
vitamins_and_supplements,TOV_PTF_TECHNO,Home_Food,cats,premium,plastic_jar,0,143,101,113,91.76,100.11,109,118.02,83,114,106,310,346,209.77,90,,36,81,112,128,142,268,156,187,141,195.63,291,209,412.31,174,216,0.02,0.01,0.01,0.01,0.02,0.02,0.02,0.01,0.01,0.01,0.05,0.05,0.02,0.01,,0,0.01,0.01,0.02,0.02,0.03,0.02,0.02,0.02,0.02,0.03,0.02,0.05,0.02,0.02,0.01,0.01,0.01,0.01,0.01,0.01,0.01,0.01,0.01,0.01,0.03,0.03,0.02,0.01,,0,0.01,0.01,0.01,0.01,0.03,0.02,0.02,0.01,0.02,0.03,0.02,0.04,0.02,0.03
vitamins_and_supplements,TOV_PTF_TECHNO,Home_Food,dogs,premium,plastic_jar,0,200,164,159,194,236.44,192.53,169,198.66,232,284,522.96,586.98,391.44,214,,75,223,250,260,279.89,398,292,346.23,258,234.12,431,333,574,444,467,0.04,0.04,0.03,0.04,0.07,0.05,0.03,0.04,0.04,0.06,0.11,0.12,0.08,0.05,,0.02,0.04,0.05,0.05,0.06,0.07,0.06,0.07,0.05,0.04,0.08,0.06,0.08,0.07,0.09,0.02,0.03,0.02,0.02,0.04,0.03,0.02,0.03,0.03,0.04,0.06,0.07,0.05,0.03,,0.01,0.03,0.03,0.04,0.04,0.05,0.05,0.05,0.04,0.04,0.06,0.05,0.07,0.07,0.07
vitamins_and_supplements,TOV_PTF_TECHNO,Home_Food,dogs,premium,canister,0,4,,,3,,3,,,,2,3,,,,,,,,,,,,,,,,,,,,0.01,,,0.01,,0.01,,,,0.01,0.01,,,,,,,,,,,,,,,,,,,,0,,,0,,0,,,,0,0,,,,,,,,,,,,,,,,,,,